google_maps_profile_id,review_id,review,rating,source_url
624932,6386691,Sehr leckeres Essen... Personal ist zudem sehr freundlich.,5,"https://www.google.com/maps/reviews/data=!4m8!14m7!1m6!2m5!1sChZDSUhNMG9nS0VNckVnWmI3cDdEc2RREAE!2m1!1s0x0:0x6c6155e9d5e89060!3m1!1s2@1:CIHM0ogKEMrEgZb7p7DsdQ%7CCgwIwKvowAYQyPXimgM%7C?hl=en,https://www.google.com/local/review/rap/report?postId=ChZDSUhNMG9nS0VNckVnWmI3cDdEc2RREAE&t=1&entityid=ChZDSUhNMG9nS0VNckVnWmI3cDdEc2RREi0KFkNJSE0wb2dLRVBPSnl1WGhfZTZTUXcSE0Nnd0l3S3Zvd0FZUXlQWGltZ00aLQoWQ0lITTBvZ0tFSW56NU1lanNzM1BSURITQ2d3SXdLdm93QVlReVBYaW1nTSISCQAAAAAAAAAAEWCQ6NXpVWFsKhNDZ3dJd0t2b3dBWVF5UFhpbWdN&wv=1&d=286732320,0ahUKEwj_tPaWybeNAxWxjooHHY17EC4QoykIDSgE,1,0,0ahUKEwj_tPaWybeNAxWxjooHHY17EC4Q0pMFCAgoAQ"
579787,2562311,Ich war mit meiner Freundin in der meeega sch√µnen Besbeiz auf dem Bachtel. Einfach hammer. So nette freundliche Gastgeber. Das Pl√§ttli war reichhaltig und der Weisswein dazu mmmmmmh. Alles so liebevoll gemacht. Danke,5,"https://www.google.com/maps/reviews/data=!4m8!14m7!1m6!2m5!1sChZDSUhNMG9nS0VJQ0FnSURia2VpR0xBEAE!2m1!1s0x0:0xbd93dafc99e69120!3m1!1s2@1:CIHM0ogKEICAgIDbkeiGLA%7CCgwI64nItQYQiPagqQM%7C?hl=en,https://www.google.com/local/review/rap/report?postId=ChZDSUhNMG9nS0VJQ0FnSURia2VpR0xBEAE&t=1&entityid=ChZDSUhNMG9nS0VJQ0FnSURia2VpR0xBEi4KF0NJSE0wb2dLRUlDQWdJRGJrZWlHckFFEhNDZ3dJNjRuSXRRWVFpUGFncVFNGi0KFkNJSE0wb2dLRUlDQWdJRGJrZWlHYkESE0Nnd0k2NG5JdFFZUWlQYWdxUU0iEgkAAAAAAAAAABEgkeaZ_NqTvSoTQ2d3STY0bkl0UVlRaVBhZ3FRTQ&wv=1&d=286732320,0ahUKEwjMnq_FqpGNAxWayBYFHZhOCVQQoykIYSgB,1,0,0ahUKEwjMnq_FqpGNAxWayBYFHZhOCVQQ0pMFCF8oCQ"
579787,2562480,"Wir waren Mitte Januar im Restaurant,  also 2-3 Wochen nachdem der neue P√§chter das Restaurant Bachtel √ºbernahm...

Aus der Lokalpresse haben wir vom Garderobe-Regim gelesen. Dass (gr√∂ssere) Rucks√§cke und Wanderst√∂cke abgegeben sollen fanden wir eine gute Idee. So bleibt Platz ungehindert zwischen den Tischen alle G√§ste zu bedienen .

Zum Lokal / Bedienung:
Elegant,  es bleibt ansichtssache ob es f√ºr ein Bergrestaurant und normale Wanderer zu elegant ist. Schicki Micki wie hier schon geschrieben fanden wir es nicht. Zudem ist die Bedienung sehr freundlich

Preis / Leistungsverh√§ltnis:
Der teller K√§sesp√§tzle qualitativ gut,  jedoch die Portion im vergleich zur Vorg√§ngerp√§chterin kleiner und daher der Preis eher am oberen Rand!!
Das gleiche gilt f√ºr die Getr√§nke,  ein Capuccino f√ºr Fr. 6.00.. auch relativ oberes Preissegment. Was auffiel Getr√§nkepreise standen nirgends auf der Karte. Ob gewollt oder dies ungewollt vergessen ging kann ich nicht beurteilen....
Jetzt wo wir die Preise kennen,  trinken wir beim n√§chsten mal vielleicht nur 1  Getr√§nk. . . .

Die kleine Portion Vermicelle war super und von der Menge her gsehen preislich gut!

Schnelligkeit der Bedienung:
Das Restaurant war gut besucht,  nicht probenvoll (war auch bew√∂lktes Wetter). Wirklich lange mussten wir nie warten,  ausser auf die Dessertkarte.. und da finde ich, die sollte auf Verlangen direkt gebracht werden (muss ja schliesslich nicht zuerst gekocht werden)

Fazit:
Es besteht noch Luft nach oben,  v.a. im Bezug auf Die Portionenmenge der Speisen und allgemein der Preise

Da es unser Hausberg ist,  kommen wir sicher wieder und berichten auch √ºber allf√§llige Ver√§nderungen",4,"https://www.google.com/maps/reviews/data=!4m8!14m7!1m6!2m5!1sChZDSUhNMG9nS0VJQ0FnSURCNVlUUk1BEAE!2m1!1s0x0:0xbd93dafc99e69120!3m1!1s2@1:CIHM0ogKEICAgIDB5YTRMA%7CCgwI7J_AngYQwKaYywE%7C?hl=en,https://www.google.com/local/review/rap/report?postId=ChZDSUhNMG9nS0VJQ0FnSURCNVlUUk1BEAE&t=1&entityid=ChZDSUhNMG9nS0VJQ0FnSURCNVlUUk1BEi4KF0NJSE0wb2dLRUlDQWdJREI1WVRSc0FFEhNDZ3dJN0pfQW5nWVF3S2FZeXdFGi0KFkNJSE0wb2dLRUlDQWdJREI1WVRSY0ESE0Nnd0k3Sl9BbmdZUXdLYVl5d0UiEgkAAAAAAAAAABEgkeaZ_NqTvSoTQ2d3STdKX0FuZ1lRd0thWXl3RQ&wv=1&d=286732320,0ahUKEwibmbTOqpGNAxV1yCkDHSSeA6EQoykIQCgI,1,9,0ahUKEwibmbTOqpGNAxV1yCkDHSSeA6EQ0pMFCDAoCA"
579787,2562661,Preis - Leistung stimmte f√ºr nicht nicht!,2,"https://www.google.com/maps/reviews/data=!4m8!14m7!1m6!2m5!1sChZDSUhNMG9nS0VJQ0FnSURHNzRISkp3EAE!2m1!1s0x0:0xbd93dafc99e69120!3m1!1s2@1:CIHM0ogKEICAgIDG74HJJw%7CCgwIwprejQYQqOXB0wE%7C?hl=en,https://www.google.com/local/review/rap/report?postId=ChZDSUhNMG9nS0VJQ0FnSURHNzRISkp3EAE&t=1&entityid=ChZDSUhNMG9nS0VJQ0FnSURHNzRISkp3Ei4KF0NJSE0wb2dLRUlDQWdJREc3NEhKcHdFEhNDZ3dJd3ByZWpRWVFxT1hCMHdFGi0KFkNJSE0wb2dLRUlDQWdJREc3NEhKWncSE0Nnd0l3cHJlalFZUXFPWEIwd0UiEgkAAAAAAAAAABEgkeaZ_NqTvSoTQ2d3SXdwcmVqUVlRcU9YQjB3RQ&wv=1&d=286732320,0ahUKEwiSk7fYqpGNAxV2L1cBHYLzF4oQoykIJSgB,1,0,0ahUKEwiSk7fYqpGNAxV2L1cBHYLzF4oQ0pMFCCMoCQ"
579787,2562835,"Die Gerstensuppe war f√ºr meinen Geschmack ein bisschen d√ºnn. Wir waren zu zweit und haben 3 St√ºck Brot erhalten? Naja, wir haben dann auf Anfrage Nachschub bekommen. Daf√ºr waren der Apfelstrudel und das Vermicelles grossz√ºgig bemessen.
Konnten draussen auf der Terrasse essen, mit wunderbaren Blick √ºber das Nebelmeer zu den Bergen.",4,"https://www.google.com/maps/reviews/data=!4m8!14m7!1m6!2m5!1sChZDSUhNMG9nS0VJQ0FnSURpNU0tMVdBEAE!2m1!1s0x0:0xbd93dafc99e69120!3m1!1s2@1:CIHM0ogKEICAgIDi5M-1WA%7CCgwIkrP6_QUQsObnkAI%7C?hl=en,https://www.google.com/local/review/rap/report?postId=ChZDSUhNMG9nS0VJQ0FnSURpNU0tMVdBEAE&t=1&entityid=ChZDSUhNMG9nS0VJQ0FnSURpNU0tMVdBEi4KF0NJSE0wb2dLRUlDQWdJRGk1TS0xMkFFEhNDZ3dJa3JQNl9RVVFzT2Jua0FJGi0KFkNJSE0wb2dLRUlDQWdJRGk1TS0xT0ESE0Nnd0lrclA2X1FVUXNPYm5rQUkiEgkAAAAAAAAAABEgkeaZ_NqTvSoTQ2d3SWtyUDZfUVVRc09ibmtBSQ&wv=1&d=286732320,0ahUKEwjLzNzjqpGNAxW2gIoHHSZnJ9gQoykIDSgB,1,0,0ahUKEwjLzNzjqpGNAxW2gIoHHSZnJ9gQ0pMFCAsoAw"
579787,2563040,"Tolle Aussicht, K√§se Sp√§tzle waren super, etwas lange Wartezeiten aber super",5,"https://www.google.com/maps/reviews/data=!4m8!14m7!1m6!2m5!1sChdDSUhNMG9nS0VJQ0FnSUMwNGJiemx3RRAB!2m1!1s0x0:0xbd93dafc99e69120!3m1!1s2@1:CIHM0ogKEICAgIC04bbzlwE%7CCgwIt_LD7AUQoMDpgAE%7C?hl=en,https://www.google.com/local/review/rap/report?postId=ChdDSUhNMG9nS0VJQ0FnSUMwNGJiemx3RRAB&t=1&entityid=ChdDSUhNMG9nS0VJQ0FnSUMwNGJiemx3RRIuChdDSUhNMG9nS0VJQ0FnSUMwNGZid3lnRRITQ2d3SXRfTEQ3QVVRb01EcGdBRRotChZDSUhNMG9nS0VJQ0FnSUMwNGZid0tnEhNDZ3dJdF9MRDdBVVFvTURwZ0FFIhIJAAAAAAAAAAARIJHmmfzak70qE0Nnd0l0X0xEN0FVUW9NRHBnQUU&wv=1&d=286732320,0ahUKEwjEv_3wqpGNAxUINOMCHasHMqcQoykILCgB,1,0,0ahUKEwjEv_3wqpGNAxUINOMCHasHMqcQ0pMFCCooCA"
579787,2563268,Sehr unfreundliches Personal!! Schade .,1,"https://www.google.com/maps/reviews/data=!4m8!14m7!1m6!2m5!1sChdDSUhNMG9nS0VJQ0FnSUNRN3BEcTlRRRAB!2m1!1s0x0:0xbd93dafc99e69120!3m1!1s2@1:CIHM0ogKEICAgICQ7pDq9QE%7CCgsIm6j22wUQiMaBGA%7C?hl=en,https://www.google.com/local/review/rap/report?postId=ChdDSUhNMG9nS0VJQ0FnSUNRN3BEcTlRRRAB&t=1&entityid=ChdDSUhNMG9nS0VJQ0FnSUNRN3BEcTlRRRIsChZDSUhNMG9nS0VJQ0FnSUNRN3BEcURREhJDZ3NJbTZqMjJ3VVFpTWFCR0EaLQoXQ0lITTBvZ0tFSUNBZ0lDUTdwRHFqUUUSEkNnc0ltNmoyMndVUWlNYUJHQSISCQAAAAAAAAAAESCR5pn82pO9KhJDZ3NJbTZqMjJ3VVFpTWFCR0E&wv=1&d=286732320,0ahUKEwirnYeAq5GNAxXLwikDHY4eN7IQoykIFigB,1,0,0ahUKEwirnYeAq5GNAxXLwikDHY4eN7IQ0pMFCBQoBg"
372240,3010499,"Einfach super! Das Ambiente, die Bedienung, die Qualit√§t, der Geschmack und Pr√§sentation des Essens. Wir kommen definitiv wieder, sehr zu empfehlen!",5,"https://www.google.com/maps/reviews/data=!4m8!14m7!1m6!2m5!1sChdDSUhNMG9nS0VJQ0FnTUNRN2REeG13RRAB!2m1!1s0x0:0x5df1b2a6bf7f1dc7!3m1!1s2@1:CIHM0ogKEICAgMCQ7dDxmwE%7CCgwI9uumvgYQuOn7ugE%7C?hl=en,https://www.google.com/local/review/rap/report?postId=ChdDSUhNMG9nS0VJQ0FnTUNRN2REeG13RRAB&t=1&entityid=ChdDSUhNMG9nS0VJQ0FnTUNRN2REeG13RRItChZDSUhNMG9nS0VJQ0FnTUNRN2REeFd3EhNDZ3dJOXV1bXZnWVF1T243dWdFGi4KF0NJSE0wb2dLRUlDQWdNQ1E3ZER4MndFEhNDZ3dJOXV1bXZnWVF1T243dWdFIhIJAAAAAAAAAAARxx1_v6ay8V0qE0Nnd0k5dXVtdmdZUXVPbjd1Z0U&wv=1&d=286732320,0ahUKEwi5zuzZv5GNAxVe9SkDHRrSGFMQoykIRCgK,1,0,0ahUKEwi5zuzZv5GNAxVe9SkDHRrSGFMQ0pMFCDMoBQ"
274363,2001095,Best meal of our entire week vacation. Incredible chicken special and the spaetzle blew our minds. Do not leave zermatt without eating here.,5,"https://www.google.com/maps/reviews/data=!4m8!14m7!1m6!2m5!1sChZDSUhNMG9nS0VJQ0FnSUNEaFoyTlJREAE!2m1!1s0x0:0xe0fdd56ec1cd0a99!3m1!1s2@1:CIHM0ogKEICAgICDhZ2NRQ%7CCgwIx5ugsAYQkJ_fqAE%7C?hl=en,https://www.google.com/local/review/rap/report?postId=ChZDSUhNMG9nS0VJQ0FnSUNEaFoyTlJREAE&t=1&entityid=ChZDSUhNMG9nS0VJQ0FnSUNEaFoyTlJREi4KF0NJSE0wb2dLRUlDQWdJQ0RoWjNfelFFEhNDZ3dJeDV1Z3NBWVFrSl9mcUFFGi0KFkNJSE0wb2dLRUlDQWdJQ0RoWjNfTFESE0Nnd0l4NXVnc0FZUWtKX2ZxQUUiEgkAAAAAAAAAABGZCs3BbtX94CoTQ2d3SXg1dWdzQVlRa0pfZnFBRQ&wv=1&d=286732320,0ahUKEwiBlKyNkZGNAxVTMVcBHSpWKEgQoykIHSgG,1,0,0ahUKEwiBlKyNkZGNAxVTMVcBHSpWKEgQ0pMFCBQoAg"
274363,2001263,Beschte,5,"https://www.google.com/maps/reviews/data=!4m8!14m7!1m6!2m5!1sChZDSUhNMG9nS0VJQ0FnSURtdV8zYVNnEAE!2m1!1s0x0:0xe0fdd56ec1cd0a99!3m1!1s2@1:CIHM0ogKEICAgIDmu_3aSg%7CCgwIp92UkAYQ8Ozs1wM%7C?hl=en,https://www.google.com/local/review/rap/report?postId=ChZDSUhNMG9nS0VJQ0FnSURtdV8zYVNnEAE&t=1&entityid=ChZDSUhNMG9nS0VJQ0FnSURtdV8zYVNnEi4KF0NJSE0wb2dLRUlDQWdJRG11XzNheWdFEhNDZ3dJcDkyVWtBWVE4T3pzMXdNGi0KFkNJSE0wb2dLRUlDQWdJRG11XzNhS2cSE0Nnd0lwOTJVa0FZUThPenMxd00iEgkAAAAAAAAAABGZCs3BbtX94CoTQ2d3SXA5MlVrQVlROE96czF3TQ&wv=1&d=286732320,0ahUKEwjZqJuTkZGNAxVjc14EHUp4L3AQoykIBCgB,1,0,0ahUKEwjZqJuTkZGNAxVjc14EHUp4L3AQ0pMFCAIoAA"
274363,2001483,Great location. Soooooo friendly people. Excellent food. 5star location.,5,"https://www.google.com/maps/reviews/data=!4m8!14m7!1m6!2m5!1sChdDSUhNMG9nS0VJQ0FnSUNVazRtdjdBRRAB!2m1!1s0x0:0xe0fdd56ec1cd0a99!3m1!1s2@1:CIHM0ogKEICAgICUk4mv7AE%7CCgwIpK-X6gUQ-IilkgI%7C?hl=en,https://www.google.com/local/review/rap/report?postId=ChdDSUhNMG9nS0VJQ0FnSUNVazRtdjdBRRAB&t=1&entityid=ChdDSUhNMG9nS0VJQ0FnSUNVazRtdjdBRRItChZDSUhNMG9nS0VJQ0FnSUNVazhteWJnEhNDZ3dJcEstWDZnVVEtSWlsa2dJGi0KFkNJSE0wb2dLRUlDQWdJQ1VrNG12SEESE0Nnd0lvNi1YNmdVUXVLZmh4QU0iEgkAAAAAAAAAABGZCs3BbtX94CoTQ2d3SXBLLVg2Z1VRLUlpbGtnSQ&wv=1&d=286732320,0ahUKEwjP_MegkZGNAxVtE1cBHZaSM70QoykIBCgB,1,0,0ahUKEwjP_MegkZGNAxVtE1cBHZaSM70Q0pMFCAIoAA"
17026,3022253,Oggi a pranzo.. carne e verdure sono arrivate fredde.. carne quasi cruda anche se chiesto cottura media.. nessuna scusa o ev.piccolo sconto per il disagio (piatto 44 fr) .. 2 camerieri molto indaffarati.. servizio un po‚Äô sbrigativo anche se tutto sommato gentile.. non ci ritornerei pi√π..peccato.. posizione ottima fronte lago,2,"https://www.google.com/maps/reviews/data=!4m8!14m7!1m6!2m5!1sChdDSUhNMG9nS0VJQ0FnSURmaU43OXlBRRAB!2m1!1s0x0:0x8ec8bd8b6247548!3m1!1s2@1:CIHM0ogKEICAgIDfiN79yAE%7CCgsIt4rguwYQ4P3IHA%7C?hl=en,https://www.google.com/local/review/rap/report?postId=ChdDSUhNMG9nS0VJQ0FnSURmaU43OXlBRRAB&t=1&entityid=ChdDSUhNMG9nS0VJQ0FnSURmaU43OXlBRRIsChZDSUhNMG9nS0VJQ0FnSURmaU43OUtBEhJDZ3NJdDRyZ3V3WVE0UDNJSEEaLQoXQ0lITTBvZ0tFSUNBZ0lEZmlONzlxQUUSEkNnc0l0NHJndXdZUTRQM0lIQSISCQAAAAAAAAAAEUh1JLbYi-wIKhJDZ3NJdDRyZ3V3WVE0UDNJSEE&wv=1&d=286732320,0ahUKEwieqZ6NwJGNAxUtkooHHZh2K8EQoykIJygG,1,0,0ahUKEwieqZ6NwJGNAxUtkooHHZh2K8EQ0pMFCB4oAw"
17026,3022385,Bijna 6 euro voor een colaatje is toch wel aan de prijzige kant. Locatie is wel super.,3,"https://www.google.com/maps/reviews/data=!4m8!14m7!1m6!2m5!1sChZDSUhNMG9nS0VJQ0FnSURwMXBta0R3EAE!2m1!1s0x0:0x8ec8bd8b6247548!3m1!1s2@1:CIHM0ogKEICAgIDp1pmkDw%7CCgsIj_WNpwYQgKudNw%7C?hl=en,https://www.google.com/local/review/rap/report?postId=ChZDSUhNMG9nS0VJQ0FnSURwMXBta0R3EAE&t=1&entityid=ChZDSUhNMG9nS0VJQ0FnSURwMXBta0R3Ei0KF0NJSE0wb2dLRUlDQWdJRHAxcG1randFEhJDZ3NJal9XTnB3WVFnS3VkTncaLAoWQ0lITTBvZ0tFSUNBZ0lEcDFwbWtUdxISQ2dzSWpfV05wd1lRZ0t1ZE53IhIJAAAAAAAAAAARSHUkttiL7AgqEkNnc0lqX1dOcHdZUWdLdWROdw&wv=1&d=286732320,0ahUKEwiCu8CSwJGNAxV_3SkDHY0DN0sQoykIMygE,1,1,0ahUKEwiCu8CSwJGNAxV_3SkDHY0DN0sQ0pMFCC0oBQ"
17026,3022510,"Wir (2 Personen) kamen um 20.30 Uhr ins Restaurant und wollten Pasta bestellen. Nicht nur, dass die Zutaten vo der H√§lfte der Speisekarte schon ausgegangen waren, es gab auch keinen Parmesan und sonst keinen einzigen Reibk√§se mehr. Klassische Touristenfalle mit einer √ºberteuerten Speisekarte und nochmals: Welches italienische Restaurant hat um 20.30 keinerlei K√§se mehr?!
Absolut nicht zu empfehlen.",1,"https://www.google.com/maps/reviews/data=!4m8!14m7!1m6!2m5!1sChdDSUhNMG9nS0VJQ0FnSURxai1Xcy13RRAB!2m1!1s0x0:0x8ec8bd8b6247548!3m1!1s2@1:CIHM0ogKEICAgIDqj-Ws-wE%7CCgwIv4HShwYQoPm_2AI%7C?hl=en,https://www.google.com/local/review/rap/report?postId=ChdDSUhNMG9nS0VJQ0FnSURxai1Xcy13RRAB&t=1&entityid=ChdDSUhNMG9nS0VJQ0FnSURxai1Xcy13RRItChZDSUhNMG9nS0VJQ0FnSURxai1Xc0J3EhNDZ3dJdjRIU2h3WVFvUG1fMkFJGi4KF0NJSE0wb2dLRUlDQWdJRHFqLVdzaHdFEhNDZ3dJdjRIU2h3WVFvUG1fMkFJIhIJAAAAAAAAAAARSHUkttiL7AgqE0Nnd0l2NEhTaHdZUW9QbV8yQUk&wv=1&d=286732320,0ahUKEwjspKKXwJGNAxVFc0wIHZcOGNAQoykIBCgB,1,3,0ahUKEwjspKKXwJGNAxVFc0wIHZcOGNAQ0pMFCAIoAA"
17026,3022686,ŸÖÿ∑ÿπŸÖ ÿ±ÿßÿ¶ÿπ ÿ®ŸÉŸÑ ŸÖÿßÿ™ÿπŸÜŸäŸá ÿßŸÑŸÉŸÑŸÖŸá ŸàŸÑŸà ŸÅŸäÿπ ÿ£ŸÉÿ´ÿ± ŸÖŸÜ 5ŸÜÿ¨ŸàŸÖ Ÿäÿ≥ÿ™ÿßŸáŸÑŸàŸáÿß ŸàÿßŸÑŸÑŸá .. ÿßŸÑÿ£ŸÉŸÑ ŸÑÿ∞Ÿäÿ∞ ÿ¨ÿØÿß .. ŸÖŸÇÿØŸÖŸäŸÜ ÿßŸÑÿ∑ŸÑÿ®ÿßÿ™ ŸÅŸä ŸÇŸÖÿ© ÿßŸÑÿ£ÿÆŸÑÿßŸÇ ŸàÿßŸÑÿ∞ŸàŸÇ .. ÿßŸÑÿ¨ŸÑÿ≥Ÿá ŸÖÿ∑ŸÑŸá ÿπ ÿ®ÿ≠Ÿäÿ±ÿ© ŸÑŸàÿ¨ÿßŸÜŸà ŸÅŸä ŸÖŸÜÿ™ŸáŸâ ÿßŸÑÿ¨ŸÖÿßŸÑ,5,"https://www.google.com/maps/reviews/data=!4m8!14m7!1m6!2m5!1sChdDSUhNMG9nS0VJQ0FnSURnamR6TjFBRRAB!2m1!1s0x0:0x8ec8bd8b6247548!3m1!1s2@1:CIHM0ogKEICAgIDgjdzN1AE%7CCgwIxp_E3QUQkL_bhwI%7C?hl=en,https://www.google.com/local/review/rap/report?postId=ChdDSUhNMG9nS0VJQ0FnSURnamR6TjFBRRAB&t=1&entityid=ChdDSUhNMG9nS0VJQ0FnSURnamR6TjFBRRItChZDSUhNMG9nS0VJQ0FnSURnamR6Tk5BEhNDZ3dJeHBfRTNRVVFrTF9iaHdJGi4KF0NJSE0wb2dLRUlDQWdJRGdqZHpOdEFFEhNDZ3dJeHBfRTNRVVFrTF9iaHdJIhIJAAAAAAAAAAARSHUkttiL7AgqE0Nnd0l4cF9FM1FVUWtMX2Jod0k&wv=1&d=286732320,0ahUKEwjAocuiwJGNAxUHLeMCHfu3HEAQoykIGCgB,1,0,0ahUKEwjAocuiwJGNAxUHLeMCHfu3HEAQ0pMFCBYoBg"
71519,1549509,Super moment pass√©. A d√©couvrir avec plaisir!,5,"https://www.google.com/maps/reviews/data=!4m8!14m7!1m6!2m5!1sChZDSUhNMG9nS0VJQ0FnSUNQMEkyeFZ3EAE!2m1!1s0x0:0xc0e4a78bff30ee91!3m1!1s2@1:CIHM0ogKEICAgICP0I2xVw%7CCgwIqa35uQYQoJC9jgM%7C?hl=en,https://www.google.com/local/review/rap/report?postId=ChZDSUhNMG9nS0VJQ0FnSUNQMEkyeFZ3EAE&t=1&entityid=ChZDSUhNMG9nS0VJQ0FnSUNQMEkyeFZ3Ei4KF0NJSE0wb2dLRUlDQWdJQ1AwSTJ4MXdFEhNDZ3dJcWEzNXVRWVFvSkM5amdNGi0KFkNJSE0wb2dLRUlDQWdJQ1AwSTJ4TncSE0Nnd0lxYTM1dVFZUW9KQzlqZ00iEgkAAAAAAAAAABGR7jD_i6fkwCoTQ2d3SXFhMzV1UVlRb0pDOWpnTQ&wv=1&d=286732320,0ahUKEwjowYWk65CNAxVRlIoHHbR_Hh4QoykIGCgK,1,1,0ahUKEwjowYWk65CNAxVRlIoHHbR_Hh4Q0pMFCAgoAQ"
71519,1549692,"Bien et bonne ambiance
Dommage du manque de sourire du patron",4,"https://www.google.com/maps/reviews/data=!4m8!14m7!1m6!2m5!1sChZDSUhNMG9nS0VJQ0FnSUQ0c0tqZ2RBEAE!2m1!1s0x0:0xc0e4a78bff30ee91!3m1!1s2@1:CIHM0ogKEICAgID4sKjgdA%7CCgwImcuv6AUQ2P371wE%7C?hl=en,https://www.google.com/local/review/rap/report?postId=ChZDSUhNMG9nS0VJQ0FnSUQ0c0tqZ2RBEAE&t=1&entityid=ChZDSUhNMG9nS0VJQ0FnSUQ0c0tqZ2RBEi4KF0NJSE0wb2dLRUlDQWdJREVsNzN1X3dFEhNDZ3dJbWN1djZBVVEyUDM3MXdFGisKFENJSE0wb2dLRUlDQWdJREVsNzBlEhNDZ3dJbWN1djZBVVEyUDM3MXdFIhIJAAAAAAAAAAARke4w_4un5MAqE0Nnd0ltY3V2NkFVUTJQMzcxd0U&wv=1&d=286732320,0ahUKEwjupOSq65CNAxVCMlcBHYoRKUgQoykIECgB,1,0,0ahUKEwjupOSq65CNAxVCMlcBHYoRKUgQ0pMFCA4oBA"
52807,9536,"Sehr lecker, immer wieder gerneüòã
Una delicatesa",5,"https://www.google.com/maps/reviews/data=!4m8!14m7!1m6!2m5!1sChdDSUhNMG9nS0VJQ0FnSUNHNWEtVm5RRRAB!2m1!1s0x0:0xadb187532306c47a!3m1!1s2@1:CIHM0ogKEICAgICG5a-VnQE%7CCgwIw8mQjAYQkLj54gE%7C?hl=en,https://www.google.com/local/review/rap/report?postId=ChdDSUhNMG9nS0VJQ0FnSUNHNWEtVm5RRRAB&t=1&entityid=ChdDSUhNMG9nS0VJQ0FnSUNHNWEtVm5RRRItChZDSUhNMG9nS0VJQ0FnSUNHNWEtVlhREhNDZ3dJdzhtUWpBWVFrTGo1NGdFGi4KF0NJSE0wb2dLRUlDQWdJQ0c1YS1WM1FFEhNDZ3dJdzhtUWpBWVFrTGo1NGdFIhIJAAAAAAAAAAAResQGI1OHsa0qE0Nnd0l3OG1RakFZUWtMajU0Z0U&wv=1&d=286732320,0ahUKEwjexZm48o6NAxUtkooHHefCApcQoykIBCgB,1,1,0ahUKEwjexZm48o6NAxUtkooHHefCApcQ0pMFCAIoAA"
479001,3421130,"Ich finde das Personal ausserordentlich freundlich! :)
Das Essen schmeckt fantastisch und das Ambiente im Lokal l√§dt zum Verweilen ein.
Gerne wieder! :D",5,"https://www.google.com/maps/reviews/data=!4m8!14m7!1m6!2m5!1sChdDSUhNMG9nS0VJQ0FnSUNuaHRpVmdnRRAB!2m1!1s0x0:0x4ba59df531018543!3m1!1s2@1:CIHM0ogKEICAgICnhtiVggE%7CCgwI8c7PtwYQ4L_aiQI%7C?hl=en,https://www.google.com/local/review/rap/report?postId=ChdDSUhNMG9nS0VJQ0FnSUNuaHRpVmdnRRAB&t=1&entityid=ChdDSUhNMG9nS0VJQ0FnSUNuaHRpVmdnRRItChZDSUhNMG9nS0VJQ0FnSUNuaHRpVlFnEhNDZ3dJOGM3UHR3WVE0TF9haVFJGi4KF0NJSE0wb2dLRUlDQWdJQ25odGlWd2dFEhNDZ3dJOGM3UHR3WVE0TF9haVFJIhIJAAAAAAAAAAARQ4UBMfWdpUsqE0Nnd0k4YzdQdHdZUTRMX2FpUUk&wv=1&d=286732320,0ahUKEwiC2KKA0pGNAxWvW0cBHfynCZEQoykIPigH,1,1,0ahUKEwiC2KKA0pGNAxWvW0cBHfynCZEQ0pMFCDMoBw"
281321,1347,"Wir haben am letzten Freitag im 3692 das Jagtmenu genossen. Es war hervorragend, originell und eine Gaumenfreude . Unsere Freunde haben gesagt dass es das Beste war das sie je gegessen haben. Das Personal ist einfach top , die Besitzer haben uns k√∂niglich bewirtet , alle sind √§usserst sympathisch und geerdet. Preis / Leistung ist spitze und das Ambiente muss man einfach einmal erleben.
Vielen Dank und bis zum n√§chsten Mal",5,"https://www.google.com/maps/reviews/data=!4m8!14m7!1m6!2m5!1sChZDSUhNMG9nS0VJQ0FnSURGaXQ3WGFBEAE!2m1!1s0x0:0x18ff1a88af4964de!3m1!1s2@1:CIHM0ogKEICAgIDFit7XaA%7CCgwI7I6dqgYQ6JyBpAE%7C?hl=en,https://www.google.com/local/review/rap/report?postId=ChZDSUhNMG9nS0VJQ0FnSURGaXQ3WGFBEAE&t=1&entityid=ChZDSUhNMG9nS0VJQ0FnSURGaXQ3WGFBEi4KF0NJSE0wb2dLRUlDQWdJREZpdDdYNkFFEhNDZ3dJN0k2ZHFnWVE2SnlCcEFFGi0KFkNJSE0wb2dLRUlDQWdJREZpdDdYR0ESE0Nnd0k3STZkcWdZUTZKeUJwQUUiEgkAAAAAAAAAABHeZEmviBr_GCoTQ2d3STdJNmRxZ1lRNkp5QnBBRQ&wv=1&d=286732320,0ahUKEwj49IGP8Y6NAxUQ6b4IHbH6FLIQoykINygH,1,0,0ahUKEwj49IGP8Y6NAxUQ6b4IHbH6FLIQ0pMFCCwoBg"
281321,1472,Í∑∏Î¶∞Îç∏Î∞úÌä∏Ïóê Ï∞®Î•º Í∞ÄÏßÄÍ≥† ÏôîÎã§Î©¥ Î∞òÎìúÏãú Îì§Îü¨ÏïºÌï† Í≥≥.,5,"https://www.google.com/maps/reviews/data=!4m8!14m7!1m6!2m5!1sChdDSUhNMG9nS0VJQ0FnSUR1aE9qRnBnRRAB!2m1!1s0x0:0x18ff1a88af4964de!3m1!1s2@1:CIHM0ogKEICAgIDuhOjFpgE%7CCgwIlqjelwYQ6L7OzAE%7C?hl=en,https://www.google.com/local/review/rap/report?postId=ChdDSUhNMG9nS0VJQ0FnSUR1aE9qRnBnRRAB&t=1&entityid=ChdDSUhNMG9nS0VJQ0FnSUR1aE9qRnBnRRItChZDSUhNMG9nS0VJQ0FnSUR1aE9qRlpnEhNDZ3dJbHFqZWx3WVE2TDdPekFFGi4KF0NJSE0wb2dLRUlDQWdJRHVoT2pGNWdFEhNDZ3dJbHFqZWx3WVE2TDdPekFFIhIJAAAAAAAAAAAR3mRJr4ga_xgqE0Nnd0lscWplbHdZUTZMN096QUU&wv=1&d=286732320,0ahUKEwiZqICU8Y6NAxU9gIoHHXuHETsQoykIESgE,1,0,0ahUKEwiZqICU8Y6NAxU9gIoHHXuHETsQ0pMFCAkoAQ"
281321,1627,Einmaliges Kaffee in Grindelwald. Sehr aufgestelltes Team.,4,"https://www.google.com/maps/reviews/data=!4m8!14m7!1m6!2m5!1sChdDSUhNMG9nS0VJQ0FnSUMwdmJLWWxRRRAB!2m1!1s0x0:0x18ff1a88af4964de!3m1!1s2@1:CIHM0ogKEICAgIC0vbKYlQE%7CCgwInNLt7AUQqKO9rwI%7C?hl=en,https://www.google.com/local/review/rap/report?postId=ChdDSUhNMG9nS0VJQ0FnSUMwdmJLWWxRRRAB&t=1&entityid=ChdDSUhNMG9nS0VJQ0FnSUMwdmJLWWxRRRItChZDSUhNMG9nS0VJQ0FnSUMwdmJMT1R3EhNDZ3dJbk5MdDdBVVFxS085cndJGi4KF0NJSE0wb2dLRUlDQWdJQzB2YkxPendFEhNDZ3dJbk5MdDdBVVFxS085cndJIhIJAAAAAAAAAAAR3mRJr4ga_xgqE0Nnd0luTkx0N0FVUXFLTzlyd0k&wv=1&d=286732320,0ahUKEwixj8eY8Y6NAxU7JgQEHcaoIBQQoykIFigB,1,0,0ahUKEwixj8eY8Y6NAxU7JgQEHcaoIBQQ0pMFCBQoBg"
429409,1547806,Wir haben heute zum 1. Mal bestellt. Die Pizzen waren sehr lecker! Hier bestellen wir sehr gerne wieder.,5,"https://www.google.com/maps/reviews/data=!4m8!14m7!1m6!2m5!1sChdDSUhNMG9nS0VJQ0FnSUNicXFXTXZBRRAB!2m1!1s0x0:0xbf21f6d9f7cd71b2!3m1!1s2@1:CIHM0ogKEICAgICbqqWMvAE%7CCgwIiuCKtQYQiLbn1gE%7C?hl=en,https://www.google.com/local/review/rap/report?postId=ChdDSUhNMG9nS0VJQ0FnSUNicXFXTXZBRRAB&t=1&entityid=ChdDSUhNMG9nS0VJQ0FnSUNicXFXTXZBRRItChZDSUhNMG9nS0VJQ0FnSUNicXFXTWZBEhNDZ3dJaXVDS3RRWVFpTGJuMWdFGi4KF0NJSE0wb2dLRUlDQWdJQ2JxcVdNX0FFEhNDZ3dJaXVDS3RRWVFpTGJuMWdFIhIJAAAAAAAAAAARsnHN99n2Ib8qE0Nnd0lpdUNLdFFZUWlMYm4xZ0U&wv=1&d=286732320,0ahUKEwjry7Wc65CNAxU5-SkDHaXOMwAQoykIKSgH,1,0,0ahUKEwjry7Wc65CNAxU5-SkDHaXOMwAQ0pMFCB4oAw"
429409,1547987,Das Essen ist sehr gut. Leider sind die √ñffnungszeiten sehr un√ºbersichtlich und nicht verl√§sslich,4,"https://www.google.com/maps/reviews/data=!4m8!14m7!1m6!2m5!1sChRDSUhNMG9nS0VJQ0FnSURJcG9aTBAB!2m1!1s0x0:0xbf21f6d9f7cd71b2!3m1!1s2@1:CIHM0ogKEICAgIDIpoZL%7CCgwI57G14QUQ3vnPqAE%7C?hl=en,https://www.google.com/local/review/rap/report?postId=ChRDSUhNMG9nS0VJQ0FnSURJcG9aTBAB&t=1&entityid=ChRDSUhNMG9nS0VJQ0FnSURJcG9aTBItChZDSUhNMG9nS0VJQ0FnSURJcHNhYVV3EhNDZ3dJNTdHMTRRVVEzdm5QcUFFGi4KF0NJSE0wb2dLRUlDQWdJRElwb2JMZ0FFEhNDZ3dJNTdHMTRRVVF3TnpNaWdFIhIJAAAAAAAAAAARsnHN99n2Ib8qE0Nnd0k1N0cxNFFVUTN2blBxQUU&wv=1&d=286732320,0ahUKEwiKsaei65CNAxWTwwIHHR1fPGYQoykIECgB,1,0,0ahUKEwiKsaei65CNAxWTwwIHHR1fPGYQ0pMFCA4oBA"
33492,2014906,super Bedienung trotz Regen Bravo,5,"https://www.google.com/maps/reviews/data=!4m8!14m7!1m6!2m5!1sChZDSUhNMG9nS0VJQ0FnSUN1dU0ta0l3EAE!2m1!1s0x0:0x20586829a2e7746f!3m1!1s2@1:CIHM0ogKEICAgICuuM-kIw%7CCgwIlojhlgYQkO3h8gE%7C?hl=en,https://www.google.com/local/review/rap/report?postId=ChZDSUhNMG9nS0VJQ0FnSUN1dU0ta0l3EAE&t=1&entityid=ChZDSUhNMG9nS0VJQ0FnSUN1dU0ta0l3Ei4KF0NJSE0wb2dLRUlDQWdJQ3V1TS1rb3dFEhNDZ3dJbG9qaGxnWVFrTzNoOGdFGi0KFkNJSE0wb2dLRUlDQWdJQ3V1TS1rWXcSE0Nnd0lsb2pobGdZUWtPM2g4Z0UiEgkAAAAAAAAAABFvdOeiKWhYICoTQ2d3SWxvamhsZ1lRa08zaDhnRQ&wv=1&d=286732320,0ahUKEwiDv--_kZGNAxVNxSkDHX7HEV4QoykIDygC,1,0,0ahUKEwiDv--_kZGNAxVNxSkDHX7HEV4Q0pMFCAsoAw"
33492,2015088,"We come here very often, its great stop during a wonderful hike in Klosters because the atmosphere and food are great. Its about 7km (hike along the river is easier as it has little elevations) you can make it easier and take bus till Mobiel and walk from there, it will be just about 2 km till the restaurant ( there are 2 main ways from Monbiel, the way that turns to the right and goes closer to the river is easier, good also for strollers)
The restaurant has wonderful views and welcoming workers. The food is also very good. Lentil soup is nicely spicy (not too much) √Ñlplermagronen with apple jam is also good. Hirschenwurst(dear sausage) is always great.
Good thing for those who are done hiking is possibility to call for a taxi of horse carriage. The last is especially good in winter as it turns into horse sledges.
Another important part for us is big playground for kids, so you can enjoy food and drinks while kids are busy on the trampoline.",5,"https://www.google.com/maps/reviews/data=!4m8!14m7!1m6!2m5!1sChdDSUhNMG9nS0VJQ0FnSURVZ1B5WXBRRRAB!2m1!1s0x0:0x20586829a2e7746f!3m1!1s2@1:CIHM0ogKEICAgIDUgPyYpQE%7CCgwI5MC76gUQgOaKmAE%7C?hl=en,https://www.google.com/local/review/rap/report?postId=ChdDSUhNMG9nS0VJQ0FnSURVZ1B5WXBRRRAB&t=1&entityid=ChdDSUhNMG9nS0VJQ0FnSURVZ1B5WXBRRRIuChdDSUhNMG9nS0VJQ0FnSURVZ01yYzVRRRITQ2d3STVNQzc2Z1VRZ09hS21BRRotChZDSUhNMG9nS0VJQ0FnSURVZ01yY0ZREhNDZ3dJNU1DNzZnVVFnT2FLbUFFIhIJAAAAAAAAAAARb3TnoiloWCAqE0Nnd0k1TUM3NmdVUWdPYUttQUU&wv=1&d=286732320,0ahUKEwjfzdjOkZGNAxX5FVcBHZKkHx4QoykIGygD,1,0,0ahUKEwjfzdjOkZGNAxX5FVcBHZKkHx4Q0pMFCBUoBQ"
276056,2568506,Sehr gutes Essen f√ºr Feste und Familienfeiern.,4,"https://www.google.com/maps/reviews/data=!4m8!14m7!1m6!2m5!1sChZDSUhNMG9nS0VJQ0FnSUNBMWZTaUV3EAE!2m1!1s0x0:0xed9d6e30615463c!3m1!1s2@1:CIHM0ogKEICAgICA1fSiEw%7CCgwIleyf1QUQgP_jvQE%7C?hl=en,https://www.google.com/local/review/rap/report?postId=ChZDSUhNMG9nS0VJQ0FnSUNBMWZTaUV3EAE&t=1&entityid=ChZDSUhNMG9nS0VJQ0FnSUNBMWZTaUV3Ei4KF0NJSE0wb2dLRUlDQWdJQ0ExZlNpa3dFEhNDZ3dJbGV5ZjFRVVFnUF9qdlFFGi0KFkNJSE0wb2dLRUlDQWdJQ0ExZlNpVXcSE0Nnd0lsZXlmMVFVUWdQX2p2UUUiEgkAAAAAAAAAABE8RhUG49bZDioTQ2d3SWxleWYxUVVRZ1BfanZRRQ&wv=1&d=286732320,0ahUKEwji4PKsq5GNAxUNgYoHHeR8MGsQoykIECgB,1,0,0ahUKEwji4PKsq5GNAxUNgYoHHeR8MGsQ0pMFCA4oBA"
346474,990534,"Sehr gutes Restaurant der gehobenen Klasse. Top Service, sehr freundlich. Fisch und Fleisch exzellent. Die Preise sind jedoch schon ziemlich hoch.",4,"https://www.google.com/maps/reviews/data=!4m8!14m7!1m6!2m5!1sChZDSUhNMG9nS0VJQ0FnSUNzN3AtQkt3EAE!2m1!1s0x0:0xed80069581b139eb!3m1!1s2@1:CIHM0ogKEICAgICs7p-BKw%7CCgwIlvfb8QUQ-KCuswM%7C?hl=en,https://www.google.com/local/review/rap/report?postId=ChZDSUhNMG9nS0VJQ0FnSUNzN3AtQkt3EAE&t=1&entityid=ChZDSUhNMG9nS0VJQ0FnSUNzN3AtQkt3Ei4KF0NJSE0wb2dLRUlDQWdJQ3M3cC1CcXdFEhNDZ3dJbHZmYjhRVVEtS0N1c3dNGi0KFkNJSE0wb2dLRUlDQWdJQ3M3cC1CYXcSE0Nnd0lsdmZiOFFVUS1LQ3Vzd00iEgkAAAAAAAAAABHrObGBlQaA7SoTQ2d3SWx2ZmI4UVVRLUtDdXN3TQ&wv=1&d=286732320,0ahUKEwj63Nzfl4-NAxUElIoHHYr_C_kQoykICigB,1,2,0ahUKEwj63Nzfl4-NAxUElIoHHYr_C_kQ0pMFCAgoAg"
378307,5581872,"Ich war das erste mal da, die Bedienung war freundlich und der D√ºr√ºm sehr lecker und gross. Preis Leistung stimmt.",5,"https://www.google.com/maps/reviews/data=!4m8!14m7!1m6!2m5!1sChdDSUhNMG9nS0VJQ0FnSUNYbVlpQ3RnRRAB!2m1!1s0x0:0xb519e6e35e86901!3m1!1s2@1:CIHM0ogKEICAgICXmYiCtgE%7CCgwI4JLIuAYQ4Mq6zQE%7C?hl=en,https://www.google.com/local/review/rap/report?postId=ChdDSUhNMG9nS0VJQ0FnSUNYbVlpQ3RnRRAB&t=1&entityid=ChdDSUhNMG9nS0VJQ0FnSUNYbVlpQ3RnRRItChZDSUhNMG9nS0VJQ0FnSUNYbVlpQ2RnEhNDZ3dJNEpMSXVBWVE0TXE2elFFGi4KF0NJSE0wb2dLRUlDQWdJQ1htWWlDOWdFEhNDZ3dJNEpMSXVBWVE0TXE2elFFIhIJAAAAAAAAAAARAWnoNW6eUQsqE0Nnd0k0SkxJdUFZUTRNcTZ6UUU&wv=1&d=286732320,0ahUKEwivjKnUuLeNAxW_FFcBHaboOGwQoykIHSgE,1,0,0ahUKEwivjKnUuLeNAxW_FFcBHaboOGwQ0pMFCBUoAg"
484175,3421710,tr√®s bon restaurant,5,"https://www.google.com/maps/reviews/data=!4m8!14m7!1m6!2m5!1sChZDSUhNMG9nS0VJQ0FnSUNscVBfQmJBEAE!2m1!1s0x0:0x27c5b87fb6724577!3m1!1s2@1:CIHM0ogKEICAgIClqP_BbA%7CCgwI9erIqgYQoP3LmQM%7C?hl=en,https://www.google.com/local/review/rap/report?postId=ChZDSUhNMG9nS0VJQ0FnSUNscVBfQmJBEAE&t=1&entityid=ChZDSUhNMG9nS0VJQ0FnSUNscVBfQmJBEi4KF0NJSE0wb2dLRUlDQWdJQ2xxUF9CN0FFEhNDZ3dJOWVySXFnWVFvUDNMbVFNGi0KFkNJSE0wb2dLRUlDQWdJQ2xxUF9CSEESE0Nnd0k5ZXJJcWdZUW9QM0xtUU0iEgkAAAAAAAAAABF3RXK2f7jFJyoTQ2d3STllcklxZ1lRb1AzTG1RTQ&wv=1&d=286732320,0ahUKEwimoIX_0ZGNAxVMwikDHQGjPLoQoykIRCgF,1,0,0ahUKEwimoIX_0ZGNAxVMwikDHQGjPLoQ0pMFCD0oBw"
5937,3879334,Super Winterurlaub,5,"https://www.google.com/maps/reviews/data=!4m8!14m7!1m6!2m5!1sChZDSUhNMG9nS0VJQ0FnSUNhOGMyWExnEAE!2m1!1s0x0:0xa2b431110189f882!3m1!1s2@1:CIHM0ogKEICAgICa8c2XLg%7CCgwIxo-hiAYQgKXVnAM%7C?hl=en,https://www.google.com/local/review/rap/report?postId=ChZDSUhNMG9nS0VJQ0FnSUNhOGMyWExnEAE&t=1&entityid=ChZDSUhNMG9nS0VJQ0FnSUNhOGMyWExnEi4KF0NJSE0wb2dLRUlDQWdJQ2E4YzJYcmdFEhNDZ3dJeG8taGlBWVFnS1hWbkFNGi0KFkNJSE0wb2dLRUlDQWdJQ2E4YzJYYmcSE0Nnd0l4by1oaUFZUWdLWFZuQU0iEgkAAAAAAAAAABGC-IkBETG0oioTQ2d3SXhvLWhpQVlRZ0tYVm5BTQ&wv=1&d=286732320,0ahUKEwiT-LLIr7SNAxX9eUwIHXWfEqkQoykICigB,1,0,0ahUKEwiT-LLIr7SNAxX9eUwIHXWfEqkQ0pMFCAgoAg"
5937,3879555,"Gute Stimmung, gute Drinks, direkt nach der Talabfahrt zu erreichen",4,"https://www.google.com/maps/reviews/data=!4m8!14m7!1m6!2m5!1sChZDSUhNMG9nS0VJQ0FnSURBN1p1eU9BEAE!2m1!1s0x0:0xa2b431110189f882!3m1!1s2@1:CIHM0ogKEICAgIDA7ZuyOA%7CCgwI1sPh1AUQgOK0vAM%7C?hl=en,https://www.google.com/local/review/rap/report?postId=ChZDSUhNMG9nS0VJQ0FnSURBN1p1eU9BEAE&t=1&entityid=ChZDSUhNMG9nS0VJQ0FnSURBN1p1eU9BEi4KF0NJSE0wb2dLRUlDQWdJREE3WnV5dUFFEhNDZ3dJMXNQaDFBVVFnT0swdkFNGi0KFkNJSE0wb2dLRUlDQWdJREE3WnV5ZUESE0Nnd0kxc1BoMUFVUWdPSzB2QU0iEgkAAAAAAAAAABGC-IkBETG0oioTQ2d3STFzUGgxQVVRZ09LMHZBTQ&wv=1&d=286732320,0ahUKEwjApv7Or7SNAxW-IgQEHcGLFR4QoykIDSgB,1,0,0ahUKEwjApv7Or7SNAxW-IgQEHcGLFR4Q0pMFCAsoAw"
619630,6375134,Wow,5,"https://www.google.com/maps/reviews/data=!4m8!14m7!1m6!2m5!1sChdDSUhNMG9nS0VJQ0FnSUNwM2FMM2pnRRAB!2m1!1s0x0:0xd74ce414e86745c8!3m1!1s2@1:CIHM0ogKEICAgICp3aL3jgE%7CCgwI2K_KpgYQ6J3K0QE%7C?hl=en,https://www.google.com/local/review/rap/report?postId=ChdDSUhNMG9nS0VJQ0FnSUNwM2FMM2pnRRAB&t=1&entityid=ChdDSUhNMG9nS0VJQ0FnSUNwM2FMM2pnRRItChZDSUhNMG9nS0VJQ0FnSUNwM2FMM1RnEhNDZ3dJMktfS3BnWVE2SjNLMFFFGi4KF0NJSE0wb2dLRUlDQWdJQ3AzYUwzemdFEhNDZ3dJMktfS3BnWVE2SjNLMFFFIhIJAAAAAAAAAAARyEVn6BTkTNcqE0Nnd0kyS19LcGdZUTZKM0swUUU&wv=1&d=286732320,0ahUKEwjKtof4yLeNAxVQTnIKHd1nC1sQoykIOigI,1,0,0ahUKEwjKtof4yLeNAxVQTnIKHd1nC1sQ0pMFCCooBQ"
238401,484978,"Certes la d√©co est assez basique mais la nourriture est tr√®s bonne, le service aimable et rapide, et une jolie vue sur le L√©man depuis la terrasse.
C'est aussi un point depot Breadstore pour du bon pain ou viennoiseries a emporter.",5,"https://www.google.com/maps/reviews/data=!4m8!14m7!1m6!2m5!1sChdDSUhNMG9nS0VJQ0FnTURReU1fQ3d3RRAB!2m1!1s0x0:0x3a78d5b393dfd84a!3m1!1s2@1:CIHM0ogKEICAgMDQyM_CwwE%7CCgwIg-SxvgYQkL308QE%7C?hl=en,https://www.google.com/local/review/rap/report?postId=ChdDSUhNMG9nS0VJQ0FnTURReU1fQ3d3RRAB&t=1&entityid=ChdDSUhNMG9nS0VJQ0FnTURReU1fQ3d3RRItChZDSUhNMG9nS0VJQ0FnTURReU1fQ0l3EhNDZ3dJZy1TeHZnWVFrTDMwOFFFGi4KF0NJSE0wb2dLRUlDQWdNRFF5TV9Db3dFEhNDZ3dJZy1TeHZnWVFrTDMwOFFFIhIJAAAAAAAAAAARStjfk7PVeDoqE0Nnd0lnLVN4dmdZUWtMMzA4UUU&wv=1&d=286732320,0ahUKEwis6-zfhY-NAxW2wikDHdxTHiQQoykIQCgJ,1,0,0ahUKEwis6-zfhY-NAxW2wikDHdxTHiQQ0pMFCDEoBg"
238401,485123,"Tr√®s chouette restaurant avec des plats recherch√©s et un service extr√™mement souriant. J'ai ador√© le cadre, la pr√©sentation et les m√©langes de go√ªts tr√®s aboutis. Ce sera un plaisir de revenir tout bient√¥t. Encore un grand merci √† tout le personnel !",5,"https://www.google.com/maps/reviews/data=!4m8!14m7!1m6!2m5!1sChRDSUhNMG9nS0VJQ0FnSUNhcVAwRBAB!2m1!1s0x0:0x3a78d5b393dfd84a!3m1!1s2@1:CIHM0ogKEICAgICaqP0D%7CCgwIjPjmhwYQgMa6ywM%7C?hl=en,https://www.google.com/local/review/rap/report?postId=ChRDSUhNMG9nS0VJQ0FnSUNhcVAwRBAB&t=1&entityid=ChRDSUhNMG9nS0VJQ0FnSUNhcVAwRBIuChdDSUhNMG9nS0VJQ0FnSUNhcVAyRGdBRRITQ2d3SWpQam1od1lRZ01hNnl3TRotChZDSUhNMG9nS0VJQ0FnSUNhcVAyRFFBEhNDZ3dJalBqbWh3WVFnTWE2eXdNIhIJAAAAAAAAAAARStjfk7PVeDoqE0Nnd0lqUGptaHdZUWdNYTZ5d00&wv=1&d=286732320,0ahUKEwjwmOHmhY-NAxXHYV4EHcWaFAwQoykIBygB,1,0,0ahUKEwjwmOHmhY-NAxXHYV4EHcWaFAwQ0pMFCAUoAQ"
495380,3024022,"Nettes Personal!
Versteht manchmal meine Bestellungen nicht, weiss aber nicht genau wieso, sonst ist alles gut.",4,"https://www.google.com/maps/reviews/data=!4m8!14m7!1m6!2m5!1sChdDSUhNMG9nS0VJQ0FnSURoM095R2lRRRAB!2m1!1s0x0:0x838d486ae11c0d7d!3m1!1s2@1:CIHM0ogKEICAgIDh3OyGiQE%7CCgsIusmJoAYQuJH7Kw%7C?hl=en,https://www.google.com/local/review/rap/report?postId=ChdDSUhNMG9nS0VJQ0FnSURoM095R2lRRRAB&t=1&entityid=ChdDSUhNMG9nS0VJQ0FnSURoM095R2lRRRIsChZDSUhNMG9nS0VJQ0FnSURoM095R1NREhJDZ3NJdXNtSm9BWVF1Skg3S3caLQoXQ0lITTBvZ0tFSUNBZ0lEaDNPeUd5UUUSEkNnc0l1c21Kb0FZUXVKSDdLdyISCQAAAAAAAAAAEX0NHOFqSI2DKhJDZ3NJdXNtSm9BWVF1Skg3S3c&wv=1&d=286732320,0ahUKEwjYlMSWwJGNAxVmIVcBHbt9PIsQoykIGSgB,1,0,0ahUKEwjYlMSWwJGNAxVmIVcBHbt9PIsQ0pMFCBcoAg"
495380,3024196,Kleine Auswahl,3,"https://www.google.com/maps/reviews/data=!4m8!14m7!1m6!2m5!1sChZDSUhNMG9nS0VJQ0FnSUQwbHNETGRnEAE!2m1!1s0x0:0x838d486ae11c0d7d!3m1!1s2@1:CIHM0ogKEICAgID0lsDLdg%7CCgsIxsf87QUQ6MPUBw%7C?hl=en,https://www.google.com/local/review/rap/report?postId=ChZDSUhNMG9nS0VJQ0FnSUQwbHNETGRnEAE&t=1&entityid=ChZDSUhNMG9nS0VJQ0FnSUQwbHNETGRnEiwKFkNJSE0wb2dLRUlDQWdJRDBsc0NuSmcSEkNnc0l4c2Y4N1FVUTZNUFVCdxouChdDSUhNMG9nS0VJQ0FnSUQwbHNETDlnRRITQ2d3SXRzZjg3UVVROE1HZ2lRSSISCQAAAAAAAAAAEX0NHOFqSI2DKhJDZ3NJeHNmODdRVVE2TVBVQnc&wv=1&d=286732320,0ahUKEwj5rOOhwJGNAxXdDFcBHS-nKUEQoykIFigB,1,0,0ahUKEwj5rOOhwJGNAxXdDFcBHS-nKUEQ0pMFCBQoBg"
480324,9186,"Immer wieder! Das Essen, das Vini-Team, die Weine. Voll im Stress und trotzdem geduldig Fragen beantworten oder eine Weinempfehlung abgeben
Immer wieder sch√∂n dort. üëçüëç",5,"https://www.google.com/maps/reviews/data=!4m8!14m7!1m6!2m5!1sChdDSUhNMG9nS0VJQ0FnSUNwNElqMXJnRRAB!2m1!1s0x0:0x9740906b2de1d47d!3m1!1s2@1:CIHM0ogKEICAgICp4Ij1rgE%7CCgwI752FpgYQiLrXzQE%7C?hl=en,https://www.google.com/local/review/rap/report?postId=ChdDSUhNMG9nS0VJQ0FnSUNwNElqMXJnRRAB&t=1&entityid=ChdDSUhNMG9nS0VJQ0FnSUNwNElqMXJnRRItChZDSUhNMG9nS0VJQ0FnSUNwNElqMWJnEhNDZ3dJNzUyRnBnWVFpTHJYelFFGi4KF0NJSE0wb2dLRUlDQWdJQ3A0SWoxN2dFEhNDZ3dJNzUyRnBnWVFpTHJYelFFIhIJAAAAAAAAAAARfdThLWuQQJcqE0Nnd0k3NTJGcGdZUWlMclh6UUU&wv=1&d=286732320,0ahUKEwid3duu8o6NAxUV4L4IHc2-CP0QoykIEigI,1,0,0ahUKEwid3duu8o6NAxUV4L4IHc2-CP0Q0pMFCAIoAA"
58664,1563304,"Sch√∂ne grosse Terasse mitten unter B√§umen, sch√∂ne Steintische, echt tessinerisch, nettes Personal",4,"https://www.google.com/maps/reviews/data=!4m8!14m7!1m6!2m5!1sChZDSUhNMG9nS0VJQ0FnSUR4MktYWVFnEAE!2m1!1s0x0:0x67dc54c67de402!3m1!1s2@1:CIHM0ogKEICAgIDx2KXYQg%7CCgsIpPvutwYQgPrfNA%7C?hl=en,https://www.google.com/local/review/rap/report?postId=ChZDSUhNMG9nS0VJQ0FnSUR4MktYWVFnEAE&t=1&entityid=ChZDSUhNMG9nS0VJQ0FnSUR4MktYWVFnEi4KF0NJSE0wb2dLRUlDQWdJRHgyS1hZd2dFEhNDZ3dJcUs3aG93WVEyT3Z5MlFJGi0KFkNJSE0wb2dLRUlDQWdJRHgyS1hZSWcSE0Nnd0lxSzdob3dZUTJPdnkyUUkiEgkAAAAAAAAAABEC5H3GVNxnACoSQ2dzSXBQdnV0d1lRZ1ByZk5B&wv=1&d=286732320,0ahUKEwiZ1drK65CNAxW-CwQEHc4RJegQoykIEygF,1,0,0ahUKEwiZ1drK65CNAxW-CwQEHc4RJegQ0pMFCAsoAg"
58664,1563483,"Loved it! Right next to the bus stop, nice outdoor location, good mix of food options, nice atmosphere.",5,"https://www.google.com/maps/reviews/data=!4m8!14m7!1m6!2m5!1sChZDSUhNMG9nS0VJQ0FnSUNPNWR1ck9REAE!2m1!1s0x0:0x67dc54c67de402!3m1!1s2@1:CIHM0ogKEICAgICO5durOQ%7CCgwI4ZenlQYQ6JmjkwM%7C?hl=en,https://www.google.com/local/review/rap/report?postId=ChZDSUhNMG9nS0VJQ0FnSUNPNWR1ck9REAE&t=1&entityid=ChZDSUhNMG9nS0VJQ0FnSUNPNWR1ck9REi4KF0NJSE0wb2dLRUlDQWdJQ081ZHVydVFFEhNDZ3dJNFplbmxRWVE2Sm1qa3dNGi0KFkNJSE0wb2dLRUlDQWdJQ081ZHVyZVESE0Nnd0k0WmVubFFZUTZKbWprd00iEgkAAAAAAAAAABEC5H3GVNxnACoTQ2d3STRaZW5sUVlRNkptamt3TQ&wv=1&d=286732320,0ahUKEwiArK7U65CNAxW6W0wIHXjrHtQQoykIBygB,1,0,0ahUKEwiArK7U65CNAxW6W0wIHXjrHtQQ0pMFCAUoAQ"
58664,1563654,"Buono,personale gentile,nella bella val maggia",4,"https://www.google.com/maps/reviews/data=!4m8!14m7!1m6!2m5!1sChdDSUhNMG9nS0VJQ0FnSUNDbDRLcWl3RRAB!2m1!1s0x0:0x67dc54c67de402!3m1!1s2@1:CIHM0ogKEICAgICCl4KqiwE%7CCgsI_eDU-gUQ4IW8Vw%7C?hl=en,https://www.google.com/local/review/rap/report?postId=ChdDSUhNMG9nS0VJQ0FnSUNDbDRLcWl3RRAB&t=1&entityid=ChdDSUhNMG9nS0VJQ0FnSUNDbDRLcWl3RRItChZDSUhNMG9nS0VJQ0FnSUNDbDRLcVN3EhNDZ3dJX09EVS1nVVEwSWZaOWdJGi0KF0NJSE0wb2dLRUlDQWdJQ0NsNEx0MmdFEhJDZ3NJX2VEVS1nVVE0SVc4VnciEgkAAAAAAAAAABEC5H3GVNxnACoSQ2dzSV9lRFUtZ1VRNElXOFZ3&wv=1&d=286732320,0ahUKEwj745nb65CNAxVmekwIHR6ZJ8gQoykICigB,1,0,0ahUKEwj745nb65CNAxVmekwIHR6ZJ8gQ0pMFCAgoAg"
58664,1563884,Super,5,"https://www.google.com/maps/reviews/data=!4m8!14m7!1m6!2m5!1sChZDSUhNMG9nS0VJQ0FnSUNBN01yT1BBEAE!2m1!1s0x0:0x67dc54c67de402!3m1!1s2@1:CIHM0ogKEICAgICA7MrOPA%7CCgwIrIm-1wUQwJDKngI%7C?hl=en,https://www.google.com/local/review/rap/report?postId=ChZDSUhNMG9nS0VJQ0FnSUNBN01yT1BBEAE&t=1&entityid=ChZDSUhNMG9nS0VJQ0FnSUNBN01yT1BBEi4KF0NJSE0wb2dLRUlDQWdJQ0E3TXJPdkFFEhNDZ3dJckltLTF3VVF3SkRLbmdJGi0KFkNJSE0wb2dLRUlDQWdJQ0E3TXJPZkESE0Nnd0lySW0tMXdVUXdKREtuZ0kiEgkAAAAAAAAAABEC5H3GVNxnACoTQ2d3SXJJbS0xd1VRd0pES25nSQ&wv=1&d=286732320,0ahUKEwimvKrj65CNAxWmbEwIHZGpGlkQoykICigB,1,2,0ahUKEwimvKrj65CNAxWmbEwIHZGpGlkQ0pMFCAgoAg"
404255,5673002,"Die Pommes schmecken √ºberhaupt nicht. Schmeckte komisch. Es war ohne Grund teuer. Denke nicht, dass ich dort wieder hingehen werde.",1,"https://www.google.com/maps/reviews/data=!4m8!14m7!1m6!2m5!1sChdDSUhNMG9nS0VJQ0FnSUQteDVmTXJnRRAB!2m1!1s0x0:0x3aad2d06738adc2b!3m1!1s2@1:CIHM0ogKEICAgID-x5fMrgE%7CCgwItcjWnAYQ2PWKxgE%7C?hl=en,https://www.google.com/local/review/rap/report?postId=ChdDSUhNMG9nS0VJQ0FnSUQteDVmTXJnRRAB&t=1&entityid=ChdDSUhNMG9nS0VJQ0FnSUQteDVmTXJnRRItChZDSUhNMG9nS0VJQ0FnSUQteDVmTWJnEhNDZ3dJdGNqV25BWVEyUFdLeGdFGi4KF0NJSE0wb2dLRUlDQWdJRC14NWZNN2dFEhNDZ3dJdGNqV25BWVEyUFdLeGdFIhIJAAAAAAAAAAARK9yKcwYtrToqE0Nnd0l0Y2pXbkFZUTJQV0t4Z0U&wv=1&d=286732320,0ahUKEwjh6qrqureNAxUEwykDHWziAdMQoykIIygD,1,3,0ahUKEwjh6qrqureNAxUEwykDHWziAdMQ0pMFCB0oBQ"
317082,2020164,"Super restaurant ! Service rapide, cuisine excellente et serveur tr√®s sympathique !
Super cadre avec terasse au calme en plein centre de lucern !!",5,"https://www.google.com/maps/reviews/data=!4m8!14m7!1m6!2m5!1sChdDSUhNMG9nS0VJQ0FnSUNUNjREMjNBRRAB!2m1!1s0x0:0xb74b9ee5ddac0d4!3m1!1s2@1:CIHM0ogKEICAgICT64D23AE%7CCgsIiYWnsgYQkK3tCQ%7C?hl=en,https://www.google.com/local/review/rap/report?postId=ChdDSUhNMG9nS0VJQ0FnSUNUNjREMjNBRRAB&t=1&entityid=ChdDSUhNMG9nS0VJQ0FnSUNUNjREMjNBRRIsChZDSUhNMG9nS0VJQ0FnSUNUNjREMlBBEhJDZ3NJaVlXbnNnWVFrSzN0Q1EaLQoXQ0lITTBvZ0tFSUNBZ0lDVDY0RDJ2QUUSEkNnc0lpWVduc2dZUWtLM3RDUSISCQAAAAAAAAAAEdTA2l3uuXQLKhJDZ3NJaVlXbnNnWVFrSzN0Q1E&wv=1&d=286732320,0ahUKEwj9i8fjkZGNAxWwXF4EHRexNLgQoykIJCgN,1,0,0ahUKEwj9i8fjkZGNAxWwXF4EHRexNLgQ0pMFCA4oAQ"
317082,2020311,Very friendly and professional. There was a misunderstanding with my burger üçîbut they dealt with it professionally. Do not order a waygu beef burger and ask for the vegetarian version of it‚Ä¶ there are probably better vegetarian alternatives üòÖ my fault,5,"https://www.google.com/maps/reviews/data=!4m8!14m7!1m6!2m5!1sChZDSUhNMG9nS0VJQ0FnSUNCaGQzN0tnEAE!2m1!1s0x0:0xb74b9ee5ddac0d4!3m1!1s2@1:CIHM0ogKEICAgICBhd37Kg%7CCgwI_NO7nQYQ2NW11wE%7C?hl=en,https://www.google.com/local/review/rap/report?postId=ChZDSUhNMG9nS0VJQ0FnSUNCaGQzN0tnEAE&t=1&entityid=ChZDSUhNMG9nS0VJQ0FnSUNCaGQzN0tnEi4KF0NJSE0wb2dLRUlDQWdJQ0JoZDM3cWdFEhNDZ3dJX05PN25RWVEyTlcxMXdFGi0KFkNJSE0wb2dLRUlDQWdJQ0JoZDM3YWcSE0Nnd0lfTk83blFZUTJOVzExd0UiEgkAAAAAAAAAABHUwNpd7rl0CyoTQ2d3SV9OTzduUVlRMk5XMTF3RQ&wv=1&d=286732320,0ahUKEwi2gqPqkZGNAxXvgYoHHcYmKWkQoykIOygB,1,0,0ahUKEwi2gqPqkZGNAxXvgYoHHcYmKWkQ0pMFCDkoCA"
275739,5021331,"Waren nicht willkommen, wolten 3 Pers. etwas Essen und wurden abgewiessen sie seien zu wenig Personal sollen ins n√§chste Restaurant essen.",1,"https://www.google.com/maps/reviews/data=!4m8!14m7!1m6!2m5!1sChZDSUhNMG9nS0VJQ0FnSUNaLXBxdFdREAE!2m1!1s0x0:0x95d590e44179932e!3m1!1s2@1:CIHM0ogKEICAgICZ-pqtWQ%7CCgwIgIrwpwYQ6JT1lwI%7C?hl=en,https://www.google.com/local/review/rap/report?postId=ChZDSUhNMG9nS0VJQ0FnSUNaLXBxdFdREAE&t=1&entityid=ChZDSUhNMG9nS0VJQ0FnSUNaLXBxdFdREi4KF0NJSE0wb2dLRUlDQWdJQ1otcnFIOHdFEhNDZ3dJZ0lyd3B3WVE2SlQxbHdJGi4KF0NJSE0wb2dLRUlDQWdJQ1otcHF0MlFFEhNDZ3dJNUlud3B3WVFxS25vb0FJIhIJAAAAAAAAAAARLpN5QeSQ1ZUqE0Nnd0lnSXJ3cHdZUTZKVDFsd0k&wv=1&d=286732320,0ahUKEwi6xLnfrbeNAxVXt4oHHahbAO4QoykIKCgB,1,0,0ahUKEwi6xLnfrbeNAxVXt4oHHahbAO4Q0pMFCCYoAw"
442123,5820515,Ich wollte eine Reservation machen er war sehr unfreundlich am Telefon und ich sollte ihm nicht w√§hrend Mittagszeit anrufen es war 11.45 Uhr. Und er nahm sich die Frechheit und h√§ngte das Telefon ab ohne um sagen ich soll sp√§ter anrufen und sage auch nicht aufwiederh√∂ren aber nach mehreren Telefonaten nahm er endlich ab. Und so was Unfreundlichen brauche ich gar nicht es gibt ja auch andere Restaurant in Augst wo sehr freundlich sind und die Essens Qualit√§t viel besser sind,1,"https://www.google.com/maps/reviews/data=!4m8!14m7!1m6!2m5!1sChZDSUhNMG9nS0VJQ0FnTUN3LXBIQmNnEAE!2m1!1s0x0:0x2623b8b904b39f35!3m1!1s2@1:CIHM0ogKEICAgMCw-pHBcg%7CCgsIv5fovgYQoNKbGw%7C?hl=en,https://www.google.com/local/review/rap/report?postId=ChZDSUhNMG9nS0VJQ0FnTUN3LXBIQmNnEAE&t=1&entityid=ChZDSUhNMG9nS0VJQ0FnTUN3LXBIQmNnEi0KF0NJSE0wb2dLRUlDQWdNQ3ctcEhCOGdFEhJDZ3NJdjVmb3ZnWVFvTktiR3caLQoWQ0lITTBvZ0tFSUNBZ01Ddy1wSEJDZxITQ2d3SXY2WGx2Z1lRdUxuWXl3RSISCQAAAAAAAAAAETWfswS5uCMmKhJDZ3NJdjVmb3ZnWVFvTktiR3c&wv=1&d=286732320,0ahUKEwjT7ujJvbeNAxVFwi0AHQC6Nv0QoykIHigB,1,0,0ahUKEwjT7ujJvbeNAxVFwi0AHQC6Nv0Q0pMFCBwoAg"
442123,5820693,Immer sehr gutes Essen und freundliche Bedienung,5,"https://www.google.com/maps/reviews/data=!4m8!14m7!1m6!2m5!1sChZDSUhNMG9nS0VJQ0FnSURRM2FYUUdREAE!2m1!1s0x0:0x2623b8b904b39f35!3m1!1s2@1:CIHM0ogKEICAgIDQ3aXQGQ%7CCgwIqqKiwQUQgJHhuQI%7C?hl=en,https://www.google.com/local/review/rap/report?postId=ChZDSUhNMG9nS0VJQ0FnSURRM2FYUUdREAE&t=1&entityid=ChZDSUhNMG9nS0VJQ0FnSURRM2FYUUdREi4KF0NJSE0wb2dLRUlDQWdJRFEzYVhRbVFFEhNDZ3dJcXFLaXdRVVFnSkhodVFJGi4KF0NJSE0wb2dLRUlDQWdJRFEzYVhRdVFFEhNDZ3dJcXFLaXdRVVFnSkhodVFJIhIJAAAAAAAAAAARNZ-zBLm4IyYqE0Nnd0lxcUtpd1FVUWdKSGh1UUk&wv=1&d=286732320,0ahUKEwjIz5_mvbeNAxUcyCkDHRmuPXgQoykIBCgB,1,2,0ahUKEwjIz5_mvbeNAxUcyCkDHRmuPXgQ0pMFCAIoAA"
609514,22118,Sehr freundlichi Personal. Bestellung gleich aufgenommen und so Zeitnah serviert. Essen war sehr Qualitativ. Reumlichkeiten waren einwenig eng.,5,"https://www.google.com/maps/reviews/data=!4m8!14m7!1m6!2m5!1sChZDSUhNMG9nS0VJQ0FnSURabklyZEdBEAE!2m1!1s0x0:0xa3573363a7af4023!3m1!1s2@1:CIHM0ogKEICAgIDZnIrdGA%7CCgsItPnKqAYQqJbaEQ%7C?hl=en,https://www.google.com/local/review/rap/report?postId=ChZDSUhNMG9nS0VJQ0FnSURabklyZEdBEAE&t=1&entityid=ChZDSUhNMG9nS0VJQ0FnSURabklyZEdBEi0KF0NJSE0wb2dLRUlDQWdJRFpuSXJkbUFFEhJDZ3NJdFBuS3FBWVFxSmJhRVEaLAoWQ0lITTBvZ0tFSUNBZ0lEWm5JcmRXQRISQ2dzSXRQbktxQVlRcUpiYUVRIhIJAAAAAAAAAAARI0Cvp2MzV6MqEkNnc0l0UG5LcUFZUXFKYmFFUQ&wv=1&d=286732320,0ahUKEwjgpOmF846NAxUbU14EHSuSHhIQoykIIigM,1,0,0ahUKEwjgpOmF846NAxUbU14EHSuSHhIQ0pMFCAsoAg"
18659,3902806,"Mi sono fermato in questo bar di fronte alla stazione pensando fosse una buona scelta per attendere chi doveva venirmi a prendere. Purtroppo √® stata una delusione totale. L‚Äôaccoglienza √® stata pessima: nonostante il locale fosse mezzo vuoto, mi hanno fatto attendere senza motivo e con un atteggiamento decisamente scortese. Alla mia richiesta di una birra e della password del Wi-Fi, ho ricevuto risposte sbrigative e una poca empatia, come se stessi dando fastidio. Ciliegina sulla torta: mentre agli altri tavoli veniva servito un piccolo piattino con delle pizzette, a me non √® stato portato nulla. Un trattamento davvero spiacevole, che mi ha fatto sentire ignorato e poco gradito. Non credo torner√≤ e non lo consiglio per fare una piccola pausa. Davvero p√©simo !!",1,"https://www.google.com/maps/reviews/data=!4m8!14m7!1m6!2m5!1sChdDSUhNMG9nS0VJQ0FnTUNZeVBpU3ZRRRAB!2m1!1s0x0:0x3f644a012a5fe058!3m1!1s2@1:CIHM0ogKEICAgMCYyPiSvQE%7CCgwIvL3JwAYQ2OaevgI%7C?hl=en,https://www.google.com/local/review/rap/report?postId=ChdDSUhNMG9nS0VJQ0FnTUNZeVBpU3ZRRRAB&t=1&entityid=ChdDSUhNMG9nS0VJQ0FnTUNZeVBpU3ZRRRItChZDSUhNMG9nS0VJQ0FnTUNZeVBpU2ZREhNDZ3dJdkwzSndBWVEyT2FldmdJGi4KF0NJSE0wb2dLRUlDQWdNQ1l5UGlTX1FFEhNDZ3dJdkwzSndBWVEyT2FldmdJIhIJAAAAAAAAAAARWOBfKgFKZD8qE0Nnd0l2TDNKd0FZUTJPYWV2Z0k&wv=1&d=286732320,0ahUKEwjB2b_zsLSNAxWKIVcBHWylImAQoykIOygD,1,0,0ahUKEwjB2b_zsLSNAxWKIVcBHWylImAQ0pMFCDYoBA"
18659,3902920,"Great view, delicious food, and my man from Napoli, Alessandro was a gracious host.",5,"https://www.google.com/maps/reviews/data=!4m8!14m7!1m6!2m5!1sChZDSUhNMG9nS0VJQ0FnTUNnaVp5YklnEAE!2m1!1s0x0:0x3f644a012a5fe058!3m1!1s2@1:CIHM0ogKEICAgMCgiZybIg%7CCgwI7_TRvQYQiOLUjwI%7C?hl=en,https://www.google.com/local/review/rap/report?postId=ChZDSUhNMG9nS0VJQ0FnTUNnaVp5YklnEAE&t=1&entityid=ChZDSUhNMG9nS0VJQ0FnTUNnaVp5YklnEi4KF0NJSE0wb2dLRUlDQWdNQ2dpWnlib2dFEhNDZ3dJN19UUnZRWVFpT0xVandJGi0KFkNJSE0wb2dLRUlDQWdNQ2dpWnliWWcSE0Nnd0k3X1RSdlFZUWlPTFVqd0kiEgkAAAAAAAAAABFY4F8qAUpkPyoTQ2d3STdfVFJ2UVlRaU9MVWp3SQ&wv=1&d=286732320,0ahUKEwilkrn3sLSNAxUxJ1cBHaIGDGoQoykIZSgH,1,0,0ahUKEwilkrn3sLSNAxUxJ1cBHaIGDGoQ0pMFCFooCA"
18659,3903038,"Tutto ottimo, un complimento ad Alessandro",5,"https://www.google.com/maps/reviews/data=!4m8!14m7!1m6!2m5!1sChdDSUhNMG9nS0VJQ0FnSUNmLWNHS3FBRRAB!2m1!1s0x0:0x3f644a012a5fe058!3m1!1s2@1:CIHM0ogKEICAgICf-cGKqAE%7CCgwIve7LuwYQ0PXV-QI%7C?hl=en,https://www.google.com/local/review/rap/report?postId=ChdDSUhNMG9nS0VJQ0FnSUNmLWNHS3FBRRAB&t=1&entityid=ChdDSUhNMG9nS0VJQ0FnSUNmLWNHS3FBRRItChZDSUhNMG9nS0VJQ0FnSUNmLWNHS2FBEhNDZ3dJdmU3THV3WVEwUFhWLVFJGi4KF0NJSE0wb2dLRUlDQWdJQ2YtY0dLNkFFEhNDZ3dJdmU3THV3WVEwUFhWLVFJIhIJAAAAAAAAAAARWOBfKgFKZD8qE0Nnd0l2ZTdMdXdZUTBQWFYtUUk&wv=1&d=286732320,0ahUKEwjR35b7sLSNAxVb0b4IHWysCP4QoykIWSgB,1,0,0ahUKEwjR35b7sLSNAxVb0b4IHWysCP4Q0pMFCFcoBg"
18659,3903164,Abbiamo mangiato bene e Alessandro era ottimo! Grazie mille,5,"https://www.google.com/maps/reviews/data=!4m8!14m7!1m6!2m5!1sChdDSUhNMG9nS0VJQ0FnSURIX0s3enRBRRAB!2m1!1s0x0:0x3f644a012a5fe058!3m1!1s2@1:CIHM0ogKEICAgIDH_K7ztAE%7CCgsIqJeStwYQ-KjyXA%7C?hl=en,https://www.google.com/local/review/rap/report?postId=ChdDSUhNMG9nS0VJQ0FnSURIX0s3enRBRRAB&t=1&entityid=ChdDSUhNMG9nS0VJQ0FnSURIX0s3enRBRRIsChZDSUhNMG9nS0VJQ0FnSURIX0s3emRBEhJDZ3NJcUplU3R3WVEtS2p5WEEaLQoXQ0lITTBvZ0tFSUNBZ0lESF9LN3o5QUUSEkNnc0lxSmVTdHdZUS1LanlYQSISCQAAAAAAAAAAEVjgXyoBSmQ_KhJDZ3NJcUplU3R3WVEtS2p5WEE&wv=1&d=286732320,0ahUKEwjt_-CAsbSNAxUm7b4IHd5WNEAQoykIIygE,1,0,0ahUKEwjt_-CAsbSNAxUm7b4IHd5WNEAQ0pMFCB4oAg"
18659,3903285,"Great atmosphere, delicious risotto, and amazing view! Big thanks to our amazing staff who made it more special - thanks to Giovanni and Alfonso! Would definitely go again and recommend it.",5,"https://www.google.com/maps/reviews/data=!4m8!14m7!1m6!2m5!1sChdDSUhNMG9nS0VJQ0FnSURMbzd5Y3BnRRAB!2m1!1s0x0:0x3f644a012a5fe058!3m1!1s2@1:CIHM0ogKEICAgIDLo7ycpgE%7CCgwIiLWEtAYQwIud8wI%7C?hl=en,https://www.google.com/local/review/rap/report?postId=ChdDSUhNMG9nS0VJQ0FnSURMbzd5Y3BnRRAB&t=1&entityid=ChdDSUhNMG9nS0VJQ0FnSURMbzd5Y3BnRRItChZDSUhNMG9nS0VJQ0FnSURMbzd5Y1pnEhNDZ3dJaUxXRXRBWVF3SXVkOHdJGi4KF0NJSE0wb2dLRUlDQWdJRExvN3ljNWdFEhNDZ3dJeHJTRXRBWVEtUHJxbUFJIhIJAAAAAAAAAAARWOBfKgFKZD8qE0Nnd0lpTFdFdEFZUXdJdWQ4d0k&wv=1&d=286732320,0ahUKEwiK7YqEsbSNAxUDJ1cBHXITEM4QoykIKygJ,1,0,0ahUKEwiK7YqEsbSNAxUDJ1cBHXITEM4Q0pMFCBwoAw"
18659,3903440,"Very scrumptuous Solo Lunch, I had the pleasure of being waited by Marcello. The service was impeccable, including the suggestions ! Very good waiter who made what seemed like a tourist trap at first result in an amazing lunch. I definitely Recommend having lunch there if you must stay near the train station.",5,"https://www.google.com/maps/reviews/data=!4m8!14m7!1m6!2m5!1sChZDSUhNMG9nS0VJQ0FnSURwaWV1REpnEAE!2m1!1s0x0:0x3f644a012a5fe058!3m1!1s2@1:CIHM0ogKEICAgIDpieuDJg%7CCgwIwuecpwYQiNacoAM%7C?hl=en,https://www.google.com/local/review/rap/report?postId=ChZDSUhNMG9nS0VJQ0FnSURwaWV1REpnEAE&t=1&entityid=ChZDSUhNMG9nS0VJQ0FnSURwaWV1REpnEi4KF0NJSE0wb2dLRUlDQWdJRHBpZXVEcGdFEhNDZ3dJd3VlY3B3WVFpTmFjb0FNGi0KFkNJSE0wb2dLRUlDQWdJRHBpZXVEWmcSE0Nnd0lpLWVjcHdZUXFQTGlpUU0iEgkAAAAAAAAAABFY4F8qAUpkPyoTQ2d3SXd1ZWNwd1lRaU5hY29BTQ&wv=1&d=286732320,0ahUKEwi8oq6JsbSNAxX55ikDHUH3EnsQoykIXygI,1,0,0ahUKEwi8oq6JsbSNAxX55ikDHUH3EnsQ0pMFCFIoCA"
18659,3903598,"Peccato perch√© tempo fa avevo dato un bel punteggio a questo posto che ha un bel panorama,e anche l'ambiente √® bello,ma ultimamente non so che sia successo!staff poco motivato a lavorare, tempi esagerati per prendere un'ordinazione,i prezzi sono alti e non ne vale pi√π la pena perch√© manca la seriet√† e professionalit√† del personale, e la qualit√† del cibo e servizio.P.s consiglio di controllare di pi√π chi lavora la selezione di personale seriamente motivato e che ci mette passione in ci√≤ che fa' e il successo per andare avanti bene e qui manca totalmente.",1,"https://www.google.com/maps/reviews/data=!4m8!14m7!1m6!2m5!1sChZDSUhNMG9nS0VJQ0FnSUN1d3NPaEFREAE!2m1!1s0x0:0x3f644a012a5fe058!3m1!1s2@1:CIHM0ogKEICAgICuwsOhAQ%7CCgwIk_XzlgYQ8JCzlgI%7C?hl=en,https://www.google.com/local/review/rap/report?postId=ChZDSUhNMG9nS0VJQ0FnSUN1d3NPaEFREAE&t=1&entityid=ChZDSUhNMG9nS0VJQ0FnSUN1d3NPaEFREi4KF0NJSE0wb2dLRUlDQWdJQ3V3c09oZ1FFEhNDZ3dJa19YemxnWVE4SkN6bGdJGi0KFkNJSE0wb2dLRUlDQWdJQ3V3c09oUVESE0Nnd0lrX1h6bGdZUThKQ3psZ0kiEgkAAAAAAAAAABFY4F8qAUpkPyoTQ2d3SWtfWHpsZ1lROEpDemxnSQ&wv=1&d=286732320,0ahUKEwjQl5SPsbSNAxW3C1cBHS9SBiQQoykILigB,1,0,0ahUKEwjQl5SPsbSNAxW3C1cBHS9SBiQQ0pMFCCwoBg"
18659,3903758,"Se avessi potuto mettere 0 stelle, le avrei messe volentieri.
La location √® ottima ed il panorama eccellente, ma i pregi finiscono qui.
Il servizio √® scortese ed acido, abbiamo ordinato 4 caff√® che sono arrivati dopo 25min di attesa, inoltre √® inammissibile che un bar che prepari colazioni, non tratti croissant e brioche, dopo ulteriori 10min di attesa, nonostante il locale fosse vuoto e le numerose richieste di avere le consumazioni, ci hanno servito una torta della nonna completamente ghiacciata, immangiabile, e per finire, la beffa: 4 caff√® ed una torta della nonna, 35fr.",1,"https://www.google.com/maps/reviews/data=!4m8!14m7!1m6!2m5!1sChdDSUhNMG9nS0VJQ0FnSUM2MkwzMHB3RRAB!2m1!1s0x0:0x3f644a012a5fe058!3m1!1s2@1:CIHM0ogKEICAgIC62L30pwE%7CCgwI0Z2yiQYQ2OKRqgE%7C?hl=en,https://www.google.com/local/review/rap/report?postId=ChdDSUhNMG9nS0VJQ0FnSUM2MkwzMHB3RRAB&t=1&entityid=ChdDSUhNMG9nS0VJQ0FnSUM2MkwzMHB3RRItChZDSUhNMG9nS0VJQ0FnSUM2MkwzMFp3EhNDZ3dJMFoyeWlRWVEyT0tScWdFGi4KF0NJSE0wb2dLRUlDQWdJQzYyTDMwNXdFEhNDZ3dJMFoyeWlRWVEyT0tScWdFIhIJAAAAAAAAAAARWOBfKgFKZD8qE0Nnd0kwWjJ5aVFZUTJPS1JxZ0U&wv=1&d=286732320,0ahUKEwj_l8eYsbSNAxVd-ikDHaYMJ_0QoykIFigB,1,1,0ahUKEwj_l8eYsbSNAxVd-ikDHaYMJ_0Q0pMFCBQoBg"
18659,3903950,"Ristorante piacevole e con una vista straordinaria sulla citt√† di Lugano.
Il cibo √® gustoso e come prezzi abbastanza in linea con i prezzi della citt√†.
Vale una visita, sopratutto se in attesa di coincidenza di treni per Zurigo.",3,"https://www.google.com/maps/reviews/data=!4m8!14m7!1m6!2m5!1sChdDSUhNMG9nS0VJQ0FnSUQwM3BmUTdRRRAB!2m1!1s0x0:0x3f644a012a5fe058!3m1!1s2@1:CIHM0ogKEICAgID03pfQ7QE%7CCgwI9YmM7gUQuN-w3wI%7C?hl=en,https://www.google.com/local/review/rap/report?postId=ChdDSUhNMG9nS0VJQ0FnSUQwM3BmUTdRRRAB&t=1&entityid=ChdDSUhNMG9nS0VJQ0FnSUQwM3BmUTdRRRItChZDSUhNMG9nS0VJQ0FnSUQwM3BmUUhREhNDZ3dJOVltTTdnVVF1Ti13M3dJGi4KF0NJSE0wb2dLRUlDQWdJRDAzcGZRblFFEhNDZ3dJOVltTTdnVVF1Ti13M3dJIhIJAAAAAAAAAAARWOBfKgFKZD8qE0Nnd0k5WW1NN2dVUXVOLXczd0k&wv=1&d=286732320,0ahUKEwj9rNGfsbSNAxVd-ikDHaYMJ_0QoykIIigB,1,0,0ahUKEwj9rNGfsbSNAxVd-ikDHaYMJ_0Q0pMFCCAoCA"
18659,3904157,"Restaurant italien traditionnel se trouvant sur les hauts de Lugano et proposant pizza, risotto, p√¢te, antipasti et poisson. Les prix sont dans la moyenne pour ce type de restaurant √† Lugano et les employ√©s sont symphatiques. L'int√©ret de cet √©tablissement est la terrasse donnant un point de vue sur Lugano, le Monte Br√® et une partie du lac de Lugano.
Parking de la gare CFF de Lugano √† proximit√©.",4,"https://www.google.com/maps/reviews/data=!4m8!14m7!1m6!2m5!1sChdDSUhNMG9nS0VJQ0FnSURBMUkyYzJBRRAB!2m1!1s0x0:0x3f644a012a5fe058!3m1!1s2@1:CIHM0ogKEICAgIDA1I2c2AE%7CCgwIoNnH2wUQgJas2wE%7C?hl=en,https://www.google.com/local/review/rap/report?postId=ChdDSUhNMG9nS0VJQ0FnSURBMUkyYzJBRRAB&t=1&entityid=ChdDSUhNMG9nS0VJQ0FnSURBMUkyYzJBRRItChZDSUhNMG9nS0VJQ0FnSURBMUkyY09BEhNDZ3dJb05uSDJ3VVFnSmFzMndFGi4KF0NJSE0wb2dLRUlDQWdJREExSTJjdUFFEhNDZ3dJb05uSDJ3VVFnSmFzMndFIhIJAAAAAAAAAAARWOBfKgFKZD8qE0Nnd0lvTm5IMndVUWdKYXMyd0U&wv=1&d=286732320,0ahUKEwjTu9qmsbSNAxWoFVcBHX-LIjEQoykIFygB,1,1,0ahUKEwjTu9qmsbSNAxWoFVcBHX-LIjEQ0pMFCBUoBQ"
150092,998275,"Tr√®s joli restaurant de campagne,  tr√®s bonne accueil, service impeccable, tr√®s bien mang√© un √©tablissement tenu par des professionnels. A recommander",5,"https://www.google.com/maps/reviews/data=!4m8!14m7!1m6!2m5!1sChdDSUhNMG9nS0VJQ0FnSUNKdnNQYnpRRRAB!2m1!1s0x0:0x1c316db68ead0ad9!3m1!1s2@1:CIHM0ogKEICAgICJvsPbzQE%7CCgwIlsfvpAYQ0PSYyAI%7C?hl=en,https://www.google.com/local/review/rap/report?postId=ChdDSUhNMG9nS0VJQ0FnSUNKdnNQYnpRRRAB&t=1&entityid=ChdDSUhNMG9nS0VJQ0FnSUNKdnNQYnpRRRItChZDSUhNMG9nS0VJQ0FnSUNKdnNQYkxREhNDZ3dJbHNmdnBBWVEwUFNZeUFJGi4KF0NJSE0wb2dLRUlDQWdJQ0p2c1BiclFFEhNDZ3dJbHNmdnBBWVEwUFNZeUFJIhIJAAAAAAAAAAAR2QqtjrZtMRwqE0Nnd0lsc2Z2cEFZUTBQU1l5QUk&wv=1&d=286732320,0ahUKEwjflLfyl4-NAxUKyCkDHS3kI4QQoykIUigF,1,0,0ahUKEwjflLfyl4-NAxUKyCkDHS3kI4QQ0pMFCEkoCA"
150092,998468,Bien,4,"https://www.google.com/maps/reviews/data=!4m8!14m7!1m6!2m5!1sChdDSUhNMG9nS0VJQ0FnSURNNHBpVmlnRRAB!2m1!1s0x0:0x1c316db68ead0ad9!3m1!1s2@1:CIHM0ogKEICAgIDM4piVigE%7CCgsIsPSB8AUQkKj9IA%7C?hl=en,https://www.google.com/local/review/rap/report?postId=ChdDSUhNMG9nS0VJQ0FnSURNNHBpVmlnRRAB&t=1&entityid=ChdDSUhNMG9nS0VJQ0FnSURNNHBpVmlnRRIsChZDSUhNMG9nS0VJQ0FnSURNNHBpVlNnEhJDZ3NJc1BTQjhBVVFrS2o5SUEaLQoXQ0lITTBvZ0tFSUNBZ0lETTRwaVZ5Z0USEkNnc0lzUFNCOEFVUWtLajlJQSISCQAAAAAAAAAAEdkKrY62bTEcKhJDZ3NJc1BTQjhBVVFrS2o5SUE&wv=1&d=286732320,0ahUKEwjctrX6l4-NAxUTQV4EHbhCAx0QoykIBygB,1,0,0ahUKEwjctrX6l4-NAxUTQV4EHbhCAx0Q0pMFCAUoAQ"
499855,5971664,schon lange sind wir nicht mehr so nett begr√ºsst und bewirtet worden. Essen war spitze und die drinks auch,5,"https://www.google.com/maps/reviews/data=!4m8!14m7!1m6!2m5!1sChZDSUhNMG9nS0VJQ0FnSURfcWRYV2ZREAE!2m1!1s0x0:0x6b287e4f5b9f8113!3m1!1s2@1:CIHM0ogKEICAgID_qdXWfQ%7CCgwI6qfSvAYQiLSEkAM%7C?hl=en,https://www.google.com/local/review/rap/report?postId=ChZDSUhNMG9nS0VJQ0FnSURfcWRYV2ZREAE&t=1&entityid=ChZDSUhNMG9nS0VJQ0FnSURfcWRYV2ZREi4KF0NJSE0wb2dLRUlDQWdJRF9xZFhXX1FFEhNDZ3dJNnFmU3ZBWVFpTFNFa0FNGi0KFkNJSE0wb2dLRUlDQWdJRF9xZFhXQXcSE0Nnd0k2cWZTdkFZUWlMU0VrQU0iEgkAAAAAAAAAABETgZ9bT34oayoTQ2d3STZxZlN2QVlRaUxTRWtBTQ&wv=1&d=286732320,0ahUKEwj09bjpwLeNAxXLbUwIHY-5Jf4QoykILigH,1,0,0ahUKEwj09bjpwLeNAxXLbUwIHY-5Jf4Q0pMFCCMoBA"
30705,994934,"Sono stata per un compleanno. Tempi di attesa improponibili, tenendo anche in conto che c'erano bambini abbiamo atteso 2h per la portata principale nonostante fosse praticamente vuoto, nonostante lattesa i piatti sono arrivati con 15min di differenza uno dell'altro. Il servizio √® stato pessimo a dir poco. Ho chiesto un piatto presente sul men√π e con una maleducazione inaudita mi √® stato detto ""NO, quello no... lo abbiamo finito!"" Come se io dovevo saperlo.
La pasta era immagiabile, annegata nel Olio. I dolci erano di una tirchianaggine assurda.
I prezzi alti qualit√† e servizio avuto a quel pranzo non lo giustificano minimamente.
Sconsiglio e sicuramente non ci torner√≤",1,"https://www.google.com/maps/reviews/data=!4m8!14m7!1m6!2m5!1sChZDSUhNMG9nS0VJQ0FnSURsZ1A2MEJBEAE!2m1!1s0x0:0x2bcaeb0a15f1101a!3m1!1s2@1:CIHM0ogKEICAgIDlgP60BA%7CCgwIz9ycqwYQ-OqYxgE%7C?hl=en,https://www.google.com/local/review/rap/report?postId=ChZDSUhNMG9nS0VJQ0FnSURsZ1A2MEJBEAE&t=1&entityid=ChZDSUhNMG9nS0VJQ0FnSURsZ1A2MEJBEi4KF0NJSE0wb2dLRUlDQWdJRGxnUDYwaEFFEhNDZ3dJejl5Y3F3WVEtT3FZeGdFGi0KFkNJSE0wb2dLRUlDQWdJRGxnUDYwUkESE0Nnd0l6OXljcXdZUS1PcVl4Z0UiEgkAAAAAAAAAABEaEPEVCuvKKyoTQ2d3SXo5eWNxd1lRLU9xWXhnRQ&wv=1&d=286732320,0ahUKEwjOgKT0l4-NAxV30TwCHeN0DYwQoykITCgG,1,1,0ahUKEwjOgKT0l4-NAxV30TwCHeN0DYwQ0pMFCEMoBw"
30705,995123,"Conosco personalmente lo chef vi assicuro che si impegna sempre al massimo per soddisfare qualsiasi esigenza. Persona affidabilissima. Prepara i suoi piatti con grande passione.
Giambattista Taboni. Monte Carasso",5,"https://www.google.com/maps/reviews/data=!4m8!14m7!1m6!2m5!1sChdDSUhNMG9nS0VJQ0FnSUN3aTlhYmdBRRAB!2m1!1s0x0:0x2bcaeb0a15f1101a!3m1!1s2@1:CIHM0ogKEICAgICwi9abgAE%7CCgwIn_2kygUQwLezywI%7C?hl=en,https://www.google.com/local/review/rap/report?postId=ChdDSUhNMG9nS0VJQ0FnSUN3aTlhYmdBRRAB&t=1&entityid=ChdDSUhNMG9nS0VJQ0FnSUN3aTlhYmdBRRItChZDSUhNMG9nS0VJQ0FnSUN3aTlhYlFBEhNDZ3dJbl8ya3lnVVF3TGV6eXdJGi4KF0NJSE0wb2dLRUlDQWdJQ3dpOWFid0FFEhNDZ3dJbl8ya3lnVVF3TGV6eXdJIhIJAAAAAAAAAAARGhDxFQrryisqE0Nnd0luXzJreWdVUXdMZXp5d0k&wv=1&d=286732320,0ahUKEwjd-6f9l4-NAxWW-SkDHaBlNHMQoykIFigB,1,3,0ahUKEwjd-6f9l4-NAxWW-SkDHaBlNHMQ0pMFCBQoBg"
429154,3034919,Angy best serviceüëç,5,"https://www.google.com/maps/reviews/data=!4m8!14m7!1m6!2m5!1sChRDSUhNMG9nS0VJQ0FnSURLanNncxAB!2m1!1s0x0:0xf0cee68b5b5fcd4b!3m1!1s2@1:CIHM0ogKEICAgIDKjsgs%7CCgwIhYrqhAYQwMTq0AM%7C?hl=en,https://www.google.com/local/review/rap/report?postId=ChRDSUhNMG9nS0VJQ0FnSURLanNncxAB&t=1&entityid=ChRDSUhNMG9nS0VJQ0FnSURLanNncxIuChdDSUhNMG9nS0VJQ0FnSURLanNpc2dBRRITQ2d3SWhZcnFoQVlRd01UcTBBTRotChZDSUhNMG9nS0VJQ0FnSURLanNpc1FBEhNDZ3dJaFlycWhBWVF3TVRxMEFNIhIJAAAAAAAAAAARS81fW4vmzvAqE0Nnd0loWXJxaEFZUXdNVHEwQU0&wv=1&d=286732320,0ahUKEwjhvd7LwJGNAxWIR50JHZpDDIIQoykIHygB,1,0,0ahUKEwjhvd7LwJGNAxWIR50JHZpDDIIQ0pMFCB0oCQ"
523308,493741,Spannende Mischung aus Restaurant und Musikbar. Ein sch√∂ner Abend mit wirklich ganz ausgezeichnetem Essen (und f√ºr Z√ºricher Verh√§ltnisse super Preis-Leistungsverh√§ltnis).,5,"https://www.google.com/maps/reviews/data=!4m8!14m7!1m6!2m5!1sChdDSUhNMG9nS0VJQ0FnTUNveG83bWp3RRAB!2m1!1s0x0:0x629fd51bfa1407e8!3m1!1s2@1:CIHM0ogKEICAgMCoxo7mjwE%7CCgwI-8__vwYQsMbfsgI%7C?hl=en,https://www.google.com/local/review/rap/report?postId=ChdDSUhNMG9nS0VJQ0FnTUNveG83bWp3RRAB&t=1&entityid=ChdDSUhNMG9nS0VJQ0FnTUNveG83bWp3RRItChZDSUhNMG9nS0VJQ0FnTUNveG83bVR3EhNDZ3dJLThfX3Z3WVFzTWJmc2dJGi4KF0NJSE0wb2dLRUlDQWdNQ294bzdtendFEhNDZ3dJLThfX3Z3WVFzTWJmc2dJIhIJAAAAAAAAAAAR6AcU-hvVn2IqE0Nnd0ktOF9fdndZUXNNYmZzZ0k&wv=1&d=286732320,0ahUKEwiT28aAho-NAxWUClcBHVatBiMQoykIMSgN,1,0,0ahUKEwiT28aAho-NAxWUClcBHVatBiMQ0pMFCBooAg"
523308,493891,"Schon lange nicht mehr so gut gegessen. Die Menus waren super lecker, das Personal sehr freundlich und die Einrichtung toll.
Wir werden sicherlich wiederkommen!",5,"https://www.google.com/maps/reviews/data=!4m8!14m7!1m6!2m5!1sChdDSUhNMG9nS0VJQ0FnSUNobjdlcHpRRRAB!2m1!1s0x0:0x629fd51bfa1407e8!3m1!1s2@1:CIHM0ogKEICAgIChn7epzQE%7CCgwI3vzpnwYQsPrn7wI%7C?hl=en,https://www.google.com/local/review/rap/report?postId=ChdDSUhNMG9nS0VJQ0FnSUNobjdlcHpRRRAB&t=1&entityid=ChdDSUhNMG9nS0VJQ0FnSUNobjdlcHpRRRItChZDSUhNMG9nS0VJQ0FnSUNobjdlcExREhNDZ3dJM3Z6cG53WVFzUHJuN3dJGi4KF0NJSE0wb2dLRUlDQWdJQ2huN2VwclFFEhNDZ3dJM3Z6cG53WVFzUHJuN3dJIhIJAAAAAAAAAAAR6AcU-hvVn2IqE0Nnd0kzdnpwbndZUXNQcm43d0k&wv=1&d=286732320,0ahUKEwj8m9WHho-NAxX0XF4EHaZ4LXUQoykIEigD,1,0,0ahUKEwj8m9WHho-NAxX0XF4EHaZ4LXUQ0pMFCAwoAg"
102658,2000004,Mauvaise exp√©rience. .salle √† manger laisse √† d√©sirer nappes sets pas repasse√©s  cuisine juste acceptable  1ere et derni√®re fois!!,2,"https://www.google.com/maps/reviews/data=!4m8!14m7!1m6!2m5!1sChZDSUhNMG9nS0VJQ0FnSURRMWY2d1dnEAE!2m1!1s0x0:0xb54aa481bdbb4111!3m1!1s2@1:CIHM0ogKEICAgIDQ1f6wWg%7CCgwIpruL2QUQgP6-gQI%7C?hl=en,https://www.google.com/local/review/rap/report?postId=ChZDSUhNMG9nS0VJQ0FnSURRMWY2d1dnEAE&t=1&entityid=ChZDSUhNMG9nS0VJQ0FnSURRMWY2d1dnEi4KF0NJSE0wb2dLRUlDQWdJRFExZjZ3MmdFEhNDZ3dJcHJ1TDJRVVFnUDYtZ1FJGi0KFkNJSE0wb2dLRUlDQWdJRFExZjZ3T2cSE0Nnd0lwcnVMMlFVUWdQNi1nUUkiEgkAAAAAAAAAABERQbu9gaRKtSoTQ2d3SXBydUwyUVVRZ1A2LWdRSQ&wv=1&d=286732320,0ahUKEwiBx_GikZGNAxW14ykDHS4kDq8QoykIBygB,1,1,0ahUKEwiBx_GikZGNAxW14ykDHS4kDq8Q0pMFCAUoAQ"
513594,3424569,Burgers too expensive,3,"https://www.google.com/maps/reviews/data=!4m8!14m7!1m6!2m5!1sChZDSUhNMG9nS0VJQ0FnSUR1LTczc09REAE!2m1!1s0x0:0xf01679ca0b0b6c31!3m1!1s2@1:CIHM0ogKEICAgIDu-73sOQ%7CCgsIuZy5mAYQkODyVQ%7C?hl=en,https://www.google.com/local/review/rap/report?postId=ChZDSUhNMG9nS0VJQ0FnSUR1LTczc09REAE&t=1&entityid=ChZDSUhNMG9nS0VJQ0FnSUR1LTczc09REi0KF0NJSE0wb2dLRUlDQWdJRHUtNzNzdVFFEhJDZ3NJdVp5NW1BWVFrT0R5VlEaLAoWQ0lITTBvZ0tFSUNBZ0lEdS03M3NlURISQ2dzSXVaeTVtQVlRa09EeVZRIhIJAAAAAAAAAAARMWwLC8p5FvAqEkNnc0l1Wnk1bUFZUWtPRHlWUQ&wv=1&d=286732320,0ahUKEwiBiuXv0ZGNAxVj5SkDHad5DAsQoykIICgB,1,2,0ahUKEwiBiuXv0ZGNAxVj5SkDHad5DAsQ0pMFCB4oBg"
513594,3424761,Need to improve service level,3,"https://www.google.com/maps/reviews/data=!4m8!14m7!1m6!2m5!1sChdDSUhNMG9nS0VJQ0FnSUM0MGZEbXRnRRAB!2m1!1s0x0:0xf01679ca0b0b6c31!3m1!1s2@1:CIHM0ogKEICAgIC40fDmtgE%7CCgsIpPLq5wUQkNr4Kg%7C?hl=en,https://www.google.com/local/review/rap/report?postId=ChdDSUhNMG9nS0VJQ0FnSUM0MGZEbXRnRRAB&t=1&entityid=ChdDSUhNMG9nS0VJQ0FnSUM0MGZEbXRnRRIsChZDSUhNMG9nS0VJQ0FnSUM0MGZEbWRnEhJDZ3NJcFBMcTV3VVFrTnI0S2caLQoXQ0lITTBvZ0tFSUNBZ0lDNDBmRG05Z0USEkNnc0lwUExxNXdVUWtOcjRLZyISCQAAAAAAAAAAETFsCwvKeRbwKhJDZ3NJcFBMcTV3VVFrTnI0S2c&wv=1&d=286732320,0ahUKEwjY45H-0ZGNAxVuxCkDHVFNGQEQoykIHCgB,1,0,0ahUKEwjY45H-0ZGNAxVuxCkDHVFNGQEQ0pMFCBooCA"
409079,2596148,"Immer wieder ein Erlebnis. Super Essen, nette Bedienung.",5,"https://www.google.com/maps/reviews/data=!4m8!14m7!1m6!2m5!1sChZDSUhNMG9nS0VJQ0FnSURfcEtHTGFBEAE!2m1!1s0x0:0x15e84c3bdf38dd6d!3m1!1s2@1:CIHM0ogKEICAgID_pKGLaA%7CCgwI9tK_vAYQ6M2vpQM%7C?hl=en,https://www.google.com/local/review/rap/report?postId=ChZDSUhNMG9nS0VJQ0FnSURfcEtHTGFBEAE&t=1&entityid=ChZDSUhNMG9nS0VJQ0FnSURfcEtHTGFBEi4KF0NJSE0wb2dLRUlDQWdJRF9wS0dMNkFFEhNDZ3dJOXRLX3ZBWVE2TTJ2cFFNGi0KFkNJSE0wb2dLRUlDQWdJRF9wS0dMR0ESE0Nnd0k5dEtfdkFZUTZNMnZwUU0iEgkAAAAAAAAAABFt3TjfO0zoFSoTQ2d3STl0S192QVlRNk0ydnBRTQ&wv=1&d=286732320,0ahUKEwjqiOWgq5GNAxXkcUwIHYKFHUwQoykITSgI,1,0,0ahUKEwjqiOWgq5GNAxXkcUwIHYKFHUwQ0pMFCEAoBQ"
409079,2596340,Sehr tolles Restaurant mit viel Charme. Sehr gutes essen.,5,"https://www.google.com/maps/reviews/data=!4m8!14m7!1m6!2m5!1sChdDSUhNMG9nS0VJQ0FnSUNEOGFfWG93RRAB!2m1!1s0x0:0x15e84c3bdf38dd6d!3m1!1s2@1:CIHM0ogKEICAgICD8a_XowE%7CCgsIv_2bsAYQsL_tQg%7C?hl=en,https://www.google.com/local/review/rap/report?postId=ChdDSUhNMG9nS0VJQ0FnSUNEOGFfWG93RRAB&t=1&entityid=ChdDSUhNMG9nS0VJQ0FnSUNEOGFfWG93RRIsChZDSUhNMG9nS0VJQ0FnSUNEOGFfWFl3EhJDZ3NJdl8yYnNBWVFzTF90UWcaLQoXQ0lITTBvZ0tFSUNBZ0lDRDhhX1g0d0USEkNnc0l2XzJic0FZUXNMX3RRZyISCQAAAAAAAAAAEW3dON87TOgVKhJDZ3NJdl8yYnNBWVFzTF90UWc&wv=1&d=286732320,0ahUKEwiW6e2vq5GNAxXHMVcBHayjMXkQoykIUigG,1,0,0ahUKEwiW6e2vq5GNAxXHMVcBHayjMXkQ0pMFCEkoBw"
409079,2596542,Tolles Essen. Tolles Ambiente! Nette Bedienung!,5,"https://www.google.com/maps/reviews/data=!4m8!14m7!1m6!2m5!1sChZDSUhNMG9nS0VJQ0FnSURKOWNYdlJnEAE!2m1!1s0x0:0x15e84c3bdf38dd6d!3m1!1s2@1:CIHM0ogKEICAgIDJ9cXvRg%7CCgwI3OHqpQYQ6I67rgE%7C?hl=en,https://www.google.com/local/review/rap/report?postId=ChZDSUhNMG9nS0VJQ0FnSURKOWNYdlJnEAE&t=1&entityid=ChZDSUhNMG9nS0VJQ0FnSURKOWNYdlJnEi4KF0NJSE0wb2dLRUlDQWdJREo5Y1h2eGdFEhNDZ3dJM09IcXBRWVE2STY3cmdFGi0KFkNJSE0wb2dLRUlDQWdJREo5Y1h2SmcSE0Nnd0kzT0hxcFFZUTZJNjdyZ0UiEgkAAAAAAAAAABFt3TjfO0zoFSoTQ2d3STNPSHFwUVlRNkk2N3JnRQ&wv=1&d=286732320,0ahUKEwjE7u68q5GNAxVswikDHb_ZO7IQoykIaSgE,1,0,0ahUKEwjE7u68q5GNAxVswikDHb_ZO7IQ0pMFCGQoCQ"
409079,2596728,"Cooles Restaurant mit einer grossen Essens- und Getr√§nkeauswahl. Hier findet man vieles, das man sonst nirgends findet. Die Deko ist auch interessant und es gibt jede Menge zu entdecken. Leider ist es am Wochenende pure Massenabfertigung und eine Reservierung zu t√§tigen ist gar nicht so einfach.",4,"https://www.google.com/maps/reviews/data=!4m8!14m7!1m6!2m5!1sChZDSUhNMG9nS0VJQ0FnSUNCOXJpS2Z3EAE!2m1!1s0x0:0x15e84c3bdf38dd6d!3m1!1s2@1:CIHM0ogKEICAgICB9riKfw%7CCgwIgeKfnQYQ0Pyh1QE%7C?hl=en,https://www.google.com/local/review/rap/report?postId=ChZDSUhNMG9nS0VJQ0FnSUNCOXJpS2Z3EAE&t=1&entityid=ChZDSUhNMG9nS0VJQ0FnSUNCOXJpS2Z3Ei4KF0NJSE0wb2dLRUlDQWdJQ0I5cmlLX3dFEhNDZ3dJZ2VLZm5RWVEwUHloMVFFGisKFENJSE0wb2dLRUlDQWdJQ0I5cmhLEhNDZ3dJZ2VLZm5RWVEwUHloMVFFIhIJAAAAAAAAAAARbd043ztM6BUqE0Nnd0lnZUtmblFZUTBQeWgxUUU&wv=1&d=286732320,0ahUKEwiLv_HGq5GNAxXwlIoHHZOkGb8QoykIISgD,1,2,0ahUKEwiLv_HGq5GNAxXwlIoHHZOkGb8Q0pMFCBsoBQ"
409079,2596903,Dort gibt es so ziemlich alle Bier üç∫ Sorten die man sich vorstellen kann. Wer auf American Food steht ist dort gut aufgehoben. (Essen super). Tisch Reservierung ist zu empfehlen.,4,"https://www.google.com/maps/reviews/data=!4m8!14m7!1m6!2m5!1sChZDSUhNMG9nS0VJQ0FnSUQyaHRHcE53EAE!2m1!1s0x0:0x15e84c3bdf38dd6d!3m1!1s2@1:CIHM0ogKEICAgID2htGpNw%7CCgwI0_78kwYQ4OHvnQE%7C?hl=en,https://www.google.com/local/review/rap/report?postId=ChZDSUhNMG9nS0VJQ0FnSUQyaHRHcE53EAE&t=1&entityid=ChZDSUhNMG9nS0VJQ0FnSUQyaHRHcE53Ei0KFkNJSE0wb2dLRUlDQWdJRDIxcUwxZVESE0Nnd0kwXzc4a3dZUTRPSHZuUUUaLgoXQ0lITTBvZ0tFSUNBZ0lEMmh0R3B0d0USE0Nnd0lfTGYza3dZUXFLdm5yZ0kiEgkAAAAAAAAAABFt3TjfO0zoFSoTQ2d3STBfNzhrd1lRNE9Idm5RRQ&wv=1&d=286732320,0ahUKEwi8yKnQq5GNAxVMxSkDHX40IqsQoykIBCgB,1,0,0ahUKEwi8yKnQq5GNAxVMxSkDHX40IqsQ0pMFCAIoAA"
409079,2597091,"Great food, valuable prices! We'll visit you again üòéü§ü",5,"https://www.google.com/maps/reviews/data=!4m8!14m7!1m6!2m5!1sChZDSUhNMG9nS0VJQ0FnSUM2NE12bUh3EAE!2m1!1s0x0:0x15e84c3bdf38dd6d!3m1!1s2@1:CIHM0ogKEICAgIC64MvmHw%7CCgsIjNKliQYQ8JXHdg%7C?hl=en,https://www.google.com/local/review/rap/report?postId=ChZDSUhNMG9nS0VJQ0FnSUM2NE12bUh3EAE&t=1&entityid=ChZDSUhNMG9nS0VJQ0FnSUM2NE12bUh3Ei0KF0NJSE0wb2dLRUlDQWdJQzY0TXZtbndFEhJDZ3NJak5LbGlRWVE4SlhIZGcaLAoWQ0lITTBvZ0tFSUNBZ0lDNjRNdm1YdxISQ2dzSWpOS2xpUVlROEpYSGRnIhIJAAAAAAAAAAARbd043ztM6BUqEkNnc0lqTktsaVFZUThKWEhkZw&wv=1&d=286732320,0ahUKEwialbPaq5GNAxWZkooHHd6RJ2EQoykIHigC,1,0,0ahUKEwialbPaq5GNAxWZkooHHd6RJ2EQ0pMFCBooCA"
409079,2597303,Wie emmer ...absolute Burger Hammer.dezue no fr√∂ndlichs Personal cooli atmosph√§re..eifach e geile schoppe,5,"https://www.google.com/maps/reviews/data=!4m8!14m7!1m6!2m5!1sChZDSUhNMG9nS0VJQ0FnSUNVdmJfemJ3EAE!2m1!1s0x0:0x15e84c3bdf38dd6d!3m1!1s2@1:CIHM0ogKEICAgICUvb_zbw%7CCgsI7ofO-wUQoJrRKw%7C?hl=en,https://www.google.com/local/review/rap/report?postId=ChZDSUhNMG9nS0VJQ0FnSUNVdmJfemJ3EAE&t=1&entityid=ChZDSUhNMG9nS0VJQ0FnSUNVdmJfemJ3Ei0KF0NJSE0wb2dLRUlDQWdJREN3WXpqbWdFEhJDZ3NJN29mTy13VVFvSnJSS3caLQoXQ0lITTBvZ0tFSUNBZ0lDVXZiX3o3d0USEkNnc0lucldRNmdVUXFPN0RBUSISCQAAAAAAAAAAEW3dON87TOgVKhJDZ3NJN29mTy13VVFvSnJSS3c&wv=1&d=286732320,0ahUKEwiPov_hq5GNAxVLC1cBHQSHNYMQoykIBCgB,1,0,0ahUKEwiPov_hq5GNAxVLC1cBHQSHNYMQ0pMFCAIoAA"
409079,2597525,"Cooles Restaurant, fein gegessen, gibt viel zu entdecken.",5,"https://www.google.com/maps/reviews/data=!4m8!14m7!1m6!2m5!1sChZDSUhNMG9nS0VJQ0FnSURNMDhtemJnEAE!2m1!1s0x0:0x15e84c3bdf38dd6d!3m1!1s2@1:CIHM0ogKEICAgIDM08mzbg%7CCgsI7bfm8AUQyOiTIw%7C?hl=en,https://www.google.com/local/review/rap/report?postId=ChZDSUhNMG9nS0VJQ0FnSURNMDhtemJnEAE&t=1&entityid=ChZDSUhNMG9nS0VJQ0FnSURNMDhtemJnEi0KF0NJSE0wb2dLRUlDQWdJRE0wOG16N2dFEhJDZ3NJN2JmbThBVVF5T2lUSXcaLAoWQ0lITTBvZ0tFSUNBZ0lETTA4bXpIZxISQ2dzSTdiZm04QVVReU9pVEl3IhIJAAAAAAAAAAARbd043ztM6BUqEkNnc0k3YmZtOEFVUXlPaVRJdw&wv=1&d=286732320,0ahUKEwjkwNHzq5GNAxWZSEwIHV-GPU4QoykICigB,1,0,0ahUKEwjkwNHzq5GNAxWZSEwIHV-GPU4Q0pMFCAgoAg"
409079,2597785,Es hat sich nichts ge√§ndert. Immer noch das gleich gute Essen wie fr√ºher zu einem absolut vern√ºnftigen Preis. F√ºr die Bedienung gilt das selbe. War rund um zufrieden üòÉ F√ºr mich immer wieder einen Ausflug wert.,5,"https://www.google.com/maps/reviews/data=!4m8!14m7!1m6!2m5!1sChZDSUhNMG9nS0VJQ0FnSURBX1kzQmRREAE!2m1!1s0x0:0x15e84c3bdf38dd6d!3m1!1s2@1:CIHM0ogKEICAgIDA_Y3BdQ%7CCgsIqbC75wUQ6IqmcA%7C?hl=en,https://www.google.com/local/review/rap/report?postId=ChZDSUhNMG9nS0VJQ0FnSURBX1kzQmRREAE&t=1&entityid=ChZDSUhNMG9nS0VJQ0FnSURBX1kzQmRREi0KF0NJSE0wb2dLRUlDQWdJQzRnTkwta2dFEhJDZ3NJcWJDNzV3VVE2SXFtY0EaLgoXQ0lITTBvZ0tFSUNBZ0lEQV9ZM0I5UUUSE0Nnd0lxTEM3NXdVUS1QcnU3UUUiEgkAAAAAAAAAABFt3TjfO0zoFSoSQ2dzSXFiQzc1d1VRNklxbWNB&wv=1&d=286732320,0ahUKEwiJs5GIrJGNAxWTDVcBHdjNEiQQoykICigB,1,0,0ahUKEwiJs5GIrJGNAxWTDVcBHdjNEiQQ0pMFCAgoAg"
409079,2598010,Immer wieder gern. Top Qualit√§t und nette Bedienung,5,"https://www.google.com/maps/reviews/data=!4m8!14m7!1m6!2m5!1sChZDSUhNMG9nS0VJQ0FnSUR3bzdYckVREAE!2m1!1s0x0:0x15e84c3bdf38dd6d!3m1!1s2@1:CIHM0ogKEICAgIDwo7XrEQ%7CCgwI29rX3gUQ_vCSmgI%7C?hl=en,https://www.google.com/local/review/rap/report?postId=ChZDSUhNMG9nS0VJQ0FnSUR3bzdYckVREAE&t=1&entityid=ChZDSUhNMG9nS0VJQ0FnSUR3bzdYckVREi4KF0NJSE0wb2dLRUlDQWdJRHdvN1hya1FFEhNDZ3dJMjlyWDNnVVFfdkNTbWdJGi0KFkNJSE0wb2dLRUlDQWdJRHdvN1hyVVESE0Nnd0kyOXJYM2dVUV92Q1NtZ0kiEgkAAAAAAAAAABFt3TjfO0zoFSoTQ2d3STI5clgzZ1VRX3ZDU21nSQ&wv=1&d=286732320,0ahUKEwiXwOadrJGNAxU5-SkDHaXOMwAQoykIGSgB,1,0,0ahUKEwiXwOadrJGNAxU5-SkDHaXOMwAQ0pMFCBcoBw"
409079,2598254,"Geht so,√ºberf√ºllt",2,"https://www.google.com/maps/reviews/data=!4m8!14m7!1m6!2m5!1sChZDSUhNMG9nS0VJQ0FnSURRNHB5QUd3EAE!2m1!1s0x0:0x15e84c3bdf38dd6d!3m1!1s2@1:CIHM0ogKEICAgIDQ4pyAGw%7CCgwI04XR1AUQgI7XlgE%7C?hl=en,https://www.google.com/local/review/rap/report?postId=ChZDSUhNMG9nS0VJQ0FnSURRNHB5QUd3EAE&t=1&entityid=ChZDSUhNMG9nS0VJQ0FnSURRNHB5QUd3Ei4KF0NJSE0wb2dLRUlDQWdJRFE0cHlBbXdFEhNDZ3dJMDRYUjFBVVFnSTdYbGdFGi0KFkNJSE0wb2dLRUlDQWdJRFE0cHlBV3cSE0Nnd0kwNFhSMUFVUWdJN1hsZ0UiEgkAAAAAAAAAABFt3TjfO0zoFSoTQ2d3STA0WFIxQVVRZ0k3WGxnRQ&wv=1&d=286732320,0ahUKEwjU14GwrJGNAxWoVEcBHTCZI7IQoykIBygB,1,0,0ahUKEwjU14GwrJGNAxWoVEcBHTCZI7IQ0pMFCAUoAQ"
409079,2598483,Richtig klasse Burger! Sehr tolles Restaurant mit toller amerikanischer Atmosph√§re,5,"https://www.google.com/maps/reviews/data=!4m8!14m7!1m6!2m5!1sChdDSUhNMG9nS0VJQ0FnSUNRcE03YWl3RRAB!2m1!1s0x0:0x15e84c3bdf38dd6d!3m1!1s2@1:CIHM0ogKEICAgICQpM7aiwE%7CCgwIiaunxQUQwPvd7QI%7C?hl=en,https://www.google.com/local/review/rap/report?postId=ChdDSUhNMG9nS0VJQ0FnSUNRcE03YWl3RRAB&t=1&entityid=ChdDSUhNMG9nS0VJQ0FnSUNRcE03YWl3RRItChZDSUhNMG9nS0VJQ0FnSUNRcE03YVN3EhNDZ3dJaWF1bnhRVVF3UHZkN1FJGi4KF0NJSE0wb2dLRUlDQWdJQ1FwTTdheXdFEhNDZ3dJaWF1bnhRVVF3UHZkN1FJIhIJAAAAAAAAAAARbd043ztM6BUqE0Nnd0lpYXVueFFVUXdQdmQ3UUk&wv=1&d=286732320,0ahUKEwj51r2-rJGNAxWfxCkDHX9OEk8QoykIBCgB,1,0,0ahUKEwj51r2-rJGNAxWfxCkDHX9OEk8Q0pMFCAIoAA"
582165,6221132,"Bereits an der T√ºre wurden wir herzlich Willkommen geheissen. In einer sch√∂nen Ambiente durften wir einen genussvollen Abend verbringen. Angefangen mit dem Hausaper√≤, der die Geschmacksnerven zum Leben erweckte. Der Hauptgang, raffiniert angerichtet, mit dem passenden Rotwein dazu, vollmundig und  exquisit. Das hausgemachte Dessert war das T√ºpfelchen auf dem i.
Ich, von meiner Seite, werde wiederkommen und kann dieses Restaurant nur weiterempfehlen. Sowohl K√ºche wie auch Service TOP",5,"https://www.google.com/maps/reviews/data=!4m8!14m7!1m6!2m5!1sChZDSUhNMG9nS0VJQ0FnSUQtc0lUUEZREAE!2m1!1s0x0:0x8fd089f7e13f2011!3m1!1s2@1:CIHM0ogKEICAgID-sITPFQ%7CCgwI8JLimwYQsKDH1wM%7C?hl=en,https://www.google.com/local/review/rap/report?postId=ChZDSUhNMG9nS0VJQ0FnSUQtc0lUUEZREAE&t=1&entityid=ChZDSUhNMG9nS0VJQ0FnSUQtc0lUUEZREi4KF0NJSE0wb2dLRUlDQWdJRC1zSVRQbFFFEhNDZ3dJOEpMaW13WVFzS0RIMXdNGi0KFkNJSE0wb2dLRUlDQWdJRC1zSVRQVlESE0Nnd0k4SkxpbXdZUXNLREgxd00iEgkAAAAAAAAAABERID_h94nQjyoTQ2d3SThKTGltd1lRc0tESDF3TQ&wv=1&d=286732320,0ahUKEwiToKb-xbeNAxVJfEwIHbJJJqYQoykIIigD,1,1,0ahUKEwiToKb-xbeNAxVJfEwIHbJJJqYQ0pMFCBwoAg"
297560,1036279,"Was a bit diappointed about the long waiting time (close to 50 minutes) for a Hamburger with french fries, taking into account that they operate with a reduced menu card durind lunch time. But at the end the Hamburger was tasty.",3,"https://www.google.com/maps/reviews/data=!4m8!14m7!1m6!2m5!1sChdDSUhNMG9nS0VJQ0FnSURwajZPYjhnRRAB!2m1!1s0x0:0x67e57deb391dc1f5!3m1!1s2@1:CIHM0ogKEICAgIDpj6Ob8gE%7CCgwIhbfCpwYQ6OfQqwE%7C?hl=en,https://www.google.com/local/review/rap/report?postId=ChdDSUhNMG9nS0VJQ0FnSURwajZPYjhnRRAB&t=1&entityid=ChdDSUhNMG9nS0VJQ0FnSURwajZPYjhnRRItChZDSUhNMG9nS0VJQ0FnSURwajZPYkNnEhNDZ3dJaGJmQ3B3WVE2T2ZRcXdFGi4KF0NJSE0wb2dLRUlDQWdJRHBqNk9iaWdFEhNDZ3dJaGJmQ3B3WVE2T2ZRcXdFIhIJAAAAAAAAAAAR9cEdOet95WcqE0Nnd0loYmZDcHdZUTZPZlFxd0U&wv=1&d=286732320,0ahUKEwjUqKPwl4-NAxUqtooHHT8HKY4QoykIGCgI,1,0,0ahUKEwjUqKPwl4-NAxUqtooHHT8HKY4Q0pMFCAsoAg"
297560,1036489,"Trotz hochbetrieb und Anlass, freundlich und sehr schnelle Essens-Lieferung! Wir kommen wieder üñ§ü§çü§òüèΩ",5,"https://www.google.com/maps/reviews/data=!4m8!14m7!1m6!2m5!1sChdDSUhNMG9nS0VJQ0FnSURoc1pYOHhBRRAB!2m1!1s0x0:0x67e57deb391dc1f5!3m1!1s2@1:CIHM0ogKEICAgIDhsZX8xAE%7CCgwI_5WzoAYQ-N_aygI%7C?hl=en,https://www.google.com/local/review/rap/report?postId=ChdDSUhNMG9nS0VJQ0FnSURoc1pYOHhBRRAB&t=1&entityid=ChdDSUhNMG9nS0VJQ0FnSURoc1pYOHhBRRIsChZDSUhNMG9nS0VJQ0FnSURoc1pYOEpBEhJDZ3NJOXZLeG9BWVFpTUxLRGcaLQoXQ0lITTBvZ0tFSUNBZ0lEaHNaWDhwQUUSEkNnc0k5dkt4b0FZUWlNTEtEZyISCQAAAAAAAAAAEfXBHTnrfeVnKhNDZ3dJXzVXem9BWVEtTl9heWdJ&wv=1&d=286732320,0ahUKEwiQkIX8l4-NAxWmc14EHRPXOggQoykIJCgG,1,2,0ahUKEwiQkIX8l4-NAxWmc14EHRPXOggQ0pMFCBgoAg"
297560,1036671,Samstag und Sonntag sind immer treffen zu bestimmten Themen die mit t√∂f und auto zu tun haben sowie auch flohmarkt tolles Kaffee super Atmosph√§re lohnt sich vorbei zu schauen wie gewohnt gut üëç,5,"https://www.google.com/maps/reviews/data=!4m8!14m7!1m6!2m5!1sChZDSUhNMG9nS0VJQ0FnSUQ2MDltZVNBEAE!2m1!1s0x0:0x67e57deb391dc1f5!3m1!1s2@1:CIHM0ogKEICAgID609meSA%7CCgwI9JmtmAYQ8OaLgQE%7C?hl=en,https://www.google.com/local/review/rap/report?postId=ChZDSUhNMG9nS0VJQ0FnSUQ2MDltZVNBEAE&t=1&entityid=ChZDSUhNMG9nS0VJQ0FnSUQ2MDltZVNBEi4KF0NJSE0wb2dLRUlDQWdJRDYwOW1leUFFEhNDZ3dJaVlEY2xRWVEtS25pOXdJGiwKFkNJSE0wb2dLRUlDQWdJRDYwOW1lS0ESEkNnc0lpZldMaXdZUTBNbmRJQSISCQAAAAAAAAAAEfXBHTnrfeVnKhNDZ3dJOUptdG1BWVE4T2FMZ1FF&wv=1&d=286732320,0ahUKEwilwvuHmI-NAxXwU8MAHYdwPZkQoykITigd,1,0,0ahUKEwilwvuHmI-NAxXwU8MAHYdwPZkQ0pMFCBQoBA"
297560,1036829,"W√§hrend man als Deutscher √ºberhaupt auf die Bestellaufnahme wartet obwohl schon 3 mal auf sich aufmerksam gemacht bekommen die alten Schweizer Damen am Nachbartisch, die nach uns kamen, den vollen Service...
Und es kann keiner sagen dass die √ºberfordert sind... Es war nicht einmal halb voll draussen... drinnen war es v√∂llig leer...
Alles nur hipster und hochn√§sige Individuen!",1,"https://www.google.com/maps/reviews/data=!4m8!14m7!1m6!2m5!1sChZDSUhNMG9nS0VJQ0FnSUQyOUxEVkRREAE!2m1!1s0x0:0x67e57deb391dc1f5!3m1!1s2@1:CIHM0ogKEICAgID29LDVDQ%7CCgwIw4HbkwYQyObmxAM%7C?hl=en,https://www.google.com/local/review/rap/report?postId=ChZDSUhNMG9nS0VJQ0FnSUQyOUxEVkRREAE&t=1&entityid=ChZDSUhNMG9nS0VJQ0FnSUQyOUxEVkRREi4KF0NJSE0wb2dLRUlDQWdJRDI5TERWalFFEhNDZ3dJdzRIYmt3WVF5T2JteEFNGi0KFkNJSE0wb2dLRUlDQWdJRDI5TERWVFESE0Nnd0l3NEhia3dZUXlPYm14QU0iEgkAAAAAAAAAABH1wR05633lZyoTQ2d3SXc0SGJrd1lReU9ibXhBTQ&wv=1&d=286732320,0ahUKEwjA9N2QmI-NAxVd0QIHHS5nO7EQoykICigB,1,7,0ahUKEwjA9N2QmI-NAxVd0QIHHS5nO7EQ0pMFCAgoAg"
297560,1037005,Einfach extrem lecker und ein super Ambiente. Die Event sind auch immer Top.,5,"https://www.google.com/maps/reviews/data=!4m8!14m7!1m6!2m5!1sChZDSUhNMG9nS0VJQ0FnSURtbFoySFhREAE!2m1!1s0x0:0x67e57deb391dc1f5!3m1!1s2@1:CIHM0ogKEICAgIDmlZ2HXQ%7CCgwIuqv0jwYQsMqltAM%7C?hl=en,https://www.google.com/local/review/rap/report?postId=ChZDSUhNMG9nS0VJQ0FnSURtbFoySFhREAE&t=1&entityid=ChZDSUhNMG9nS0VJQ0FnSURtbFoySFhREi4KF0NJSE0wb2dLRUlDQWdJRG1sWjJIM1FFEhNDZ3dJdXF2MGp3WVFzTXFsdEFNGi0KFkNJSE0wb2dLRUlDQWdJRG1sWjJIUFESE0Nnd0l1cXYwandZUXNNcWx0QU0iEgkAAAAAAAAAABH1wR05633lZyoTQ2d3SXVxdjBqd1lRc01xbHRBTQ&wv=1&d=286732320,0ahUKEwisi4SYmI-NAxXPB4MDHS_TNeMQoykIHigB,1,0,0ahUKEwisi4SYmI-NAxXPB4MDHS_TNeMQ0pMFCBwoCA"
297560,1037183,War mega super tolles Essen freundlich die Bedienung ich werde wieder hin gehen ü§üüñêüñêüñê,5,"https://www.google.com/maps/reviews/data=!4m8!14m7!1m6!2m5!1sChZDSUhNMG9nS0VJQ0FnSUM2MXNEQ0FREAE!2m1!1s0x0:0x67e57deb391dc1f5!3m1!1s2@1:CIHM0ogKEICAgIC61sDCAQ%7CCgwI3fPMiQYQoM2n1wI%7C?hl=en,https://www.google.com/local/review/rap/report?postId=ChZDSUhNMG9nS0VJQ0FnSUM2MXNEQ0FREAE&t=1&entityid=ChZDSUhNMG9nS0VJQ0FnSUM2MXNEQ0FREi4KF0NJSE0wb2dLRUlDQWdJQzYxc0RDZ1FFEhNDZ3dJM2ZQTWlRWVFvTTJuMXdJGi0KFkNJSE0wb2dLRUlDQWdJQzYxc0RDUVESE0Nnd0kzZlBNaVFZUW9NMm4xd0kiEgkAAAAAAAAAABH1wR05633lZyoTQ2d3STNmUE1pUVlRb00ybjF3SQ&wv=1&d=286732320,0ahUKEwjD5rWgmI-NAxXWXF4EHSkdKCAQoykIKCgB,1,0,0ahUKEwjD5rWgmI-NAxXWXF4EHSkdKCAQ0pMFCCYoBg"
297560,1037353,"Hallo,
Wisst ihr was ich bei euch vermisse und zwar fest in der Karte: Den Pulled Lachs Burgerüëå.....
Vor Corona hattet ihr den Lachs-Burger mal drauf und der war HAMMERüôèüôèüôè......bitte nehmt in in der Karte aufüôè.
Ansonsten gibts nichts zu Mekern bei euch. Service von Nino ist TOP und immer Lustigü•∞ Danke. Der Weisswein K-Naia ist echt Super.
Lg Ruth & Oli",5,"https://www.google.com/maps/reviews/data=!4m8!14m7!1m6!2m5!1sChZDSUhNMG9nS0VJQ0FnSUNxaC1qWmN3EAE!2m1!1s0x0:0x67e57deb391dc1f5!3m1!1s2@1:CIHM0ogKEICAgICqh-jZcw%7CCgsIisW9hgYQuIr1Eg%7C?hl=en,https://www.google.com/local/review/rap/report?postId=ChZDSUhNMG9nS0VJQ0FnSUNxaC1qWmN3EAE&t=1&entityid=ChZDSUhNMG9nS0VJQ0FnSUNxaC1qWmN3Ei0KF0NJSE0wb2dLRUlDQWdJQ3FoLWpaOHdFEhJDZ3NJaXNXOWhnWVF1SXIxRWcaLAoWQ0lITTBvZ0tFSUNBZ0lDcWgtalpDdxISQ2dzSWlzVzloZ1lRdUlyMUVnIhIJAAAAAAAAAAAR9cEdOet95WcqEkNnc0lpc1c5aGdZUXVJcjFFZw&wv=1&d=286732320,0ahUKEwjG6a-rmI-NAxWR3L4IHYf0AN4QoykIGCgB,1,1,0ahUKEwjG6a-rmI-NAxWR3L4IHYf0AN4Q0pMFCBYoBg"
297560,1037570,"Immer wieder eine fabelhafte und gem√ºtliche Stimmung
Gutes Bier, gutes Essen, was will man mehr",5,"https://www.google.com/maps/reviews/data=!4m8!14m7!1m6!2m5!1sChdDSUhNMG9nS0VJQ0FnSURDbVBIU3B3RRAB!2m1!1s0x0:0x67e57deb391dc1f5!3m1!1s2@1:CIHM0ogKEICAgIDCmPHSpwE%7CCgwIvOj4-gUQiKrAiwM%7C?hl=en,https://www.google.com/local/review/rap/report?postId=ChdDSUhNMG9nS0VJQ0FnSURDbVBIU3B3RRAB&t=1&entityid=ChdDSUhNMG9nS0VJQ0FnSURDbVBIU3B3RRItChZDSUhNMG9nS0VJQ0FnSURDbVBIU1p3EhNDZ3dJNk9YNC1nVVF3UHllOXdFGi4KF0NJSE0wb2dLRUlDQWdJRENtUEhTNXdFEhNDZ3dJNk9YNC1nVVF3UHllOXdFIhIJAAAAAAAAAAAR9cEdOet95WcqE0Nnd0l2T2o0LWdVUWlLckFpd00&wv=1&d=286732320,0ahUKEwjI1e-5mI-NAxWoLlcBHQ22L7oQoykIEygE,1,1,0ahUKEwjI1e-5mI-NAxWoLlcBHQ22L7oQ0pMFCAsoAw"
297560,1037815,"Sehr schnelles Service, sehr sympatisches und speditives Personal auch bei hektischen Situationen, Preis f√ºr meine Empfindung ein bisschen hoch sonst super nur so weiter,üëå",5,"https://www.google.com/maps/reviews/data=!4m8!14m7!1m6!2m5!1sChZDSUhNMG9nS0VJQ0FnSUNzOWF5elNnEAE!2m1!1s0x0:0x67e57deb391dc1f5!3m1!1s2@1:CIHM0ogKEICAgICs9ayzSg%7CCgwI_pKB8gUQ4Jq40wE%7C?hl=en,https://www.google.com/local/review/rap/report?postId=ChZDSUhNMG9nS0VJQ0FnSUNzOWF5elNnEAE&t=1&entityid=ChZDSUhNMG9nS0VJQ0FnSUNzOWF5elNnEi4KF0NJSE0wb2dLRUlDQWdJQ3M5ZXlyMWdFEhNDZ3dJX3BLQjhnVVE0SnE0MHdFGi0KFkNJSE0wb2dLRUlDQWdJQ3M5ZXlyTmcSE0Nnd0lfcEtCOGdVUTRKcTQwd0UiEgkAAAAAAAAAABH1wR05633lZyoTQ2d3SV9wS0I4Z1VRNEpxNDB3RQ&wv=1&d=286732320,0ahUKEwi8mqHGmI-NAxXfZ0wIHVnWKBUQoykILCgJ,1,0,0ahUKEwi8mqHGmI-NAxXfZ0wIHVnWKBUQ0pMFCBooCA"
297560,1038069,"Das Mekka aller Motorradfahrer, in der Schweiz, gepaart mit super leckeren Essen und Trinken mit jeder Menge Spass. Auch f√ºr die kleinsten ist gesorgt und die √§lteren lieben die Mischung aus Motorsound Essen und h√ºbschen Frauen ‚ôÄ",5,"https://www.google.com/maps/reviews/data=!4m8!14m7!1m6!2m5!1sChZDSUhNMG9nS0VJQ0FnSURValk3b2JBEAE!2m1!1s0x0:0x67e57deb391dc1f5!3m1!1s2@1:CIHM0ogKEICAgIDUjY7obA%7CCgsI6Zep6wUQ-M3Qfw%7C?hl=en,https://www.google.com/local/review/rap/report?postId=ChZDSUhNMG9nS0VJQ0FnSURValk3b2JBEAE&t=1&entityid=ChZDSUhNMG9nS0VJQ0FnSURValk3b2JBEiwKFkNJSE0wb2dLRUlDQWdJRFVqWTdlWlESEkNnc0k2WmVwNndVUS1NM1FmdxotChdDSUhNMG9nS0VJQ0FnSURValk3ZTVRRRISQ2dzSTZaZXA2d1VRLU0zUWZ3IhIJAAAAAAAAAAAR9cEdOet95WcqEkNnc0k2WmVwNndVUS1NM1Fmdw&wv=1&d=286732320,0ahUKEwjYzrbZmI-NAxXkxCkDHdkNNnQQoykIECgB,1,0,0ahUKEwjYzrbZmI-NAxXkxCkDHdkNNnQQ0pMFCA4oAg"
297560,1038353,"Super Stimmung und gutes Essen, passt alles",5,"https://www.google.com/maps/reviews/data=!4m8!14m7!1m6!2m5!1sChZDSUhNMG9nS0VJQ0FnSUNZdV92RGJ3EAE!2m1!1s0x0:0x67e57deb391dc1f5!3m1!1s2@1:CIHM0ogKEICAgICYu_vDbw%7CCgwI4M7y5QUQuNyu4wE%7C?hl=en,https://www.google.com/local/review/rap/report?postId=ChZDSUhNMG9nS0VJQ0FnSUNZdV92RGJ3EAE&t=1&entityid=ChZDSUhNMG9nS0VJQ0FnSUNZdV92RGJ3Ei0KFkNJSE0wb2dLRUlDQWdJQ1l1NGZnVncSE0Nnd0k0TTd5NVFVUXVOeXU0d0UaLgoXQ0lITTBvZ0tFSUNBZ0lDWXU0Zmd0d0USE0Nnd0k0TTd5NVFVUXVOeXU0d0UiEgkAAAAAAAAAABH1wR05633lZyoTQ2d3STRNN3k1UVVRdU55dTR3RQ&wv=1&d=286732320,0ahUKEwjnoNjlmI-NAxULVF4EHegmAw8QoykIGCgC,1,0,0ahUKEwjnoNjlmI-NAxULVF4EHegmAw8Q0pMFCBQoBg"
297560,1038628,"Einfach nur Wow!!

Geniales Essen, super freundliches Personal und gute Events üëçüèª",5,"https://www.google.com/maps/reviews/data=!4m8!14m7!1m6!2m5!1sChZDSUhNMG9nS0VJQ0FnSUNJc3RyTlBnEAE!2m1!1s0x0:0x67e57deb391dc1f5!3m1!1s2@1:CIHM0ogKEICAgICIstrNPg%7CCgwIqseC3wUQvu6ioAI%7C?hl=en,https://www.google.com/local/review/rap/report?postId=ChZDSUhNMG9nS0VJQ0FnSUNJc3RyTlBnEAE&t=1&entityid=ChZDSUhNMG9nS0VJQ0FnSUNJc3RyTlBnEi0KFkNJSE0wb2dLRUlDQWdJQ0lzdHI5VmcSE0Nnd0lxc2VDM3dVUXZ1NmlvQUkaLgoXQ0lITTBvZ0tFSUNBZ0lDSXN0ck52Z0USE0Nnd0lxc2VDM3dVUXdLS2wxUUUiEgkAAAAAAAAAABH1wR05633lZyoTQ2d3SXFzZUMzd1VRdnU2aW9BSQ&wv=1&d=286732320,0ahUKEwiIkpHzmI-NAxW6wykDHcgUBYYQoykIBygB,1,0,0ahUKEwiIkpHzmI-NAxW6wykDHcgUBYYQ0pMFCAUoAQ"
297560,1038882,Obercool immer,5,"https://www.google.com/maps/reviews/data=!4m8!14m7!1m6!2m5!1sChdDSUhNMG9nS0VJQ0FnSUNRbWNxN2hBRRAB!2m1!1s0x0:0x67e57deb391dc1f5!3m1!1s2@1:CIHM0ogKEICAgICQmcq7hAE%7CCgwIqrPf2QUQgPbytgI%7C?hl=en,https://www.google.com/local/review/rap/report?postId=ChdDSUhNMG9nS0VJQ0FnSUNRbWNxN2hBRRAB&t=1&entityid=ChdDSUhNMG9nS0VJQ0FnSUNRbWNxN2hBRRItChZDSUhNMG9nS0VJQ0FnSUNRbWNxN1JBEhNDZ3dJcXJQZjJRVVFnUGJ5dGdJGi4KF0NJSE0wb2dLRUlDQWdJQ1FtY3E3eEFFEhNDZ3dJcXJQZjJRVVFnUGJ5dGdJIhIJAAAAAAAAAAAR9cEdOet95WcqE0Nnd0lxclBmMlFVUWdQYnl0Z0k&wv=1&d=286732320,0ahUKEwir2e-BmY-NAxXIcV4EHZSBOtMQoykIEygB,1,0,0ahUKEwir2e-BmY-NAxXIcV4EHZSBOtMQ0pMFCBEoBQ"
297560,1039102,Die besten Burger bekomt mann im ACE Cafe ü§òü§ôüëå,5,"https://www.google.com/maps/reviews/data=!4m8!14m7!1m6!2m5!1sChdDSUhNMG9nS0VJQ0FnSUN3MmEzUXd3RRAB!2m1!1s0x0:0x67e57deb391dc1f5!3m1!1s2@1:CIHM0ogKEICAgICw2a3QwwE%7CCgsIiKvq1AUQwPXJJw%7C?hl=en,https://www.google.com/local/review/rap/report?postId=ChdDSUhNMG9nS0VJQ0FnSUN3MmEzUXd3RRAB&t=1&entityid=ChdDSUhNMG9nS0VJQ0FnSUN3MmEzUXd3RRIsChZDSUhNMG9nS0VJQ0FnSUN3MmEzUUl3EhJDZ3NJaUt2cTFBVVF3UFhKSncaLQoXQ0lITTBvZ0tFSUNBZ0lDdzJhM1Fvd0USEkNnc0lpS3ZxMUFVUXdQWEpKdyISCQAAAAAAAAAAEfXBHTnrfeVnKhJDZ3NJaUt2cTFBVVF3UFhKSnc&wv=1&d=286732320,0ahUKEwj83ICQmY-NAxVZckwIHUllEgkQoykIEygB,1,0,0ahUKEwj83ICQmY-NAxVZckwIHUllEgkQ0pMFCBEoBQ"
297560,1039357,"Not quite the original, but let's see",3,"https://www.google.com/maps/reviews/data=!4m8!14m7!1m6!2m5!1sChdDSUhNMG9nS0VJQ0FnSURBLVlpaDRRRRAB!2m1!1s0x0:0x67e57deb391dc1f5!3m1!1s2@1:CIHM0ogKEICAgIDA-Yih4QE%7CCgsI9PnVywUQgLW3SQ%7C?hl=en,https://www.google.com/local/review/rap/report?postId=ChdDSUhNMG9nS0VJQ0FnSURBLVlpaDRRRRAB&t=1&entityid=ChdDSUhNMG9nS0VJQ0FnSURBLVlpaDRRRRIsChZDSUhNMG9nS0VJQ0FnSURBLVlpaEVREhJDZ3NJOVBuVnl3VVFnTFczU1EaLQoXQ0lITTBvZ0tFSUNBZ0lEQS1ZaWhrUUUSEkNnc0k5UG5WeXdVUWdMVzNTUSISCQAAAAAAAAAAEfXBHTnrfeVnKhJDZ3NJOVBuVnl3VVFnTFczU1E&wv=1&d=286732320,0ahUKEwjP8cWfmY-NAxU2M1cBHTMHMmYQoykIBCgB,1,1,0ahUKEwjP8cWfmY-NAxU2M1cBHTMHMmYQ0pMFCAIoAA"
297560,1039582,"Hoi Dani und Team.
Will auch mal meinen Senf dazugeben.
Top Top Top. Mehr kann ich nicht sagen. Mein zweites zu Hause. Greez B√∂rni",5,"https://www.google.com/maps/reviews/data=!4m8!14m7!1m6!2m5!1sChdDSUhNMG9nS0VJQ0FnSURBX2ZQRjVnRRAB!2m1!1s0x0:0x67e57deb391dc1f5!3m1!1s2@1:CIHM0ogKEICAgIDA_fPF5gE%7CCgwIsbH3sQUQwJHv2gE%7C?hl=en,https://www.google.com/local/review/rap/report?postId=ChdDSUhNMG9nS0VJQ0FnSURBX2ZQRjVnRRAB&t=1&entityid=ChdDSUhNMG9nS0VJQ0FnSURBX2ZQRjVnRRItChZDSUhNMG9nS0VJQ0FnSURBX2ZQRkZnEhNDZ3dJc2JIM3NRVVF3Skh2MmdFGi4KF0NJSE0wb2dLRUlDQWdJREFfZlBGbGdFEhNDZ3dJc2JIM3NRVVF3Skh2MmdFIhIJAAAAAAAAAAAR9cEdOet95WcqE0Nnd0lzYkgzc1FVUXdKSHYyZ0U&wv=1&d=286732320,0ahUKEwi2rYCnmY-NAxWk8ykDHQPVIyIQoykIEygB,1,0,0ahUKEwi2rYCnmY-NAxWk8ykDHQPVIyIQ0pMFCBEoBQ"
151741,3027100,Des plats d√©licieux et un accueil chaleureux et tr√®s agr√©able,5,"https://www.google.com/maps/reviews/data=!4m8!14m7!1m6!2m5!1sChZDSUhNMG9nS0VJQ0FnSURlLU9hTWRBEAE!2m1!1s0x0:0x46aa862e478fdb66!3m1!1s2@1:CIHM0ogKEICAgIDe-OaMdA%7CCgsIhdfimQYQiJrhbA%7C?hl=en,https://www.google.com/local/review/rap/report?postId=ChZDSUhNMG9nS0VJQ0FnSURlLU9hTWRBEAE&t=1&entityid=ChZDSUhNMG9nS0VJQ0FnSURlLU9hTWRBEi0KF0NJSE0wb2dLRUlDQWdJRGUtT2FNOUFFEhJDZ3NJaGRmaW1RWVFpSnJoYkEaLAoWQ0lITTBvZ0tFSUNBZ0lEZS1PYU1EQRISQ2dzSWhkZmltUVlRaUpyaGJBIhIJAAAAAAAAAAARZtuPRy6GqkYqEkNnc0loZGZpbVFZUWlKcmhiQQ&wv=1&d=286732320,0ahUKEwjp3aOZwJGNAxV4xxYFHd3VJqAQoykICCgD,1,0,0ahUKEwjp3aOZwJGNAxV4xxYFHd3VJqAQ0pMFCAIoAA"
